-- phpMyAdmin SQL Dump
-- version 3.1.3.1
-- http://www.phpmyadmin.net
--
-- Host: localhost
-- Generation Time: Mar 25, 2014 at 05:18 PM
-- Server version: 5.1.33
-- PHP Version: 5.2.9

SET SQL_MODE="NO_AUTO_VALUE_ON_ZERO";


/*!40101 SET @OLD_CHARACTER_SET_CLIENT=@@CHARACTER_SET_CLIENT */;
/*!40101 SET @OLD_CHARACTER_SET_RESULTS=@@CHARACTER_SET_RESULTS */;
/*!40101 SET @OLD_COLLATION_CONNECTION=@@COLLATION_CONNECTION */;
/*!40101 SET NAMES utf8 */;

--
-- Database: `voting_system`
--

-- --------------------------------------------------------

--
-- Table structure for table `admin`
--

CREATE TABLE IF NOT EXISTS `admin` (
  `id` int(11) NOT NULL AUTO_INCREMENT,
  `username` varchar(255) NOT NULL DEFAULT '',
  `password` varchar(255) NOT NULL DEFAULT '',
  `status` enum('Active','Inactive') NOT NULL DEFAULT 'Active',
  PRIMARY KEY (`id`)
) ENGINE=MyISAM  DEFAULT CHARSET=latin1 AUTO_INCREMENT=2 ;

--
-- Dumping data for table `admin`
--

INSERT INTO `admin` (`id`, `username`, `password`, `status`) VALUES
(1, 'admin', 'csesocelec', 'Active');

-- --------------------------------------------------------

--
-- Table structure for table `admin_menu`
--

CREATE TABLE IF NOT EXISTS `admin_menu` (
  `id` int(11) NOT NULL AUTO_INCREMENT,
  `title` varchar(255) NOT NULL DEFAULT '',
  `url` varchar(255) NOT NULL DEFAULT '',
  `sort` int(11) NOT NULL DEFAULT '0',
  PRIMARY KEY (`id`)
) ENGINE=MyISAM  DEFAULT CHARSET=latin1 AUTO_INCREMENT=18 ;

--
-- Dumping data for table `admin_menu`
--

INSERT INTO `admin_menu` (`id`, `title`, `url`, `sort`) VALUES
(14, 'Students', 'student.php', 13),
(1, 'Settings', 'setting.php', 1),
(7, 'Logout', 'logout.php', 17),
(15, 'Election', 'election.php', 14),
(16, 'Candidate', 'candidate.php', 15),
(17, 'Candidate Category', 'candidate_category.php', 16);

-- --------------------------------------------------------

--
-- Table structure for table `admin_submenu`
--

CREATE TABLE IF NOT EXISTS `admin_submenu` (
  `id` int(11) NOT NULL AUTO_INCREMENT,
  `menu_id` int(11) NOT NULL DEFAULT '0',
  `title` varchar(255) NOT NULL DEFAULT '',
  `url` varchar(255) NOT NULL DEFAULT '',
  `sort` int(11) NOT NULL DEFAULT '0',
  PRIMARY KEY (`id`)
) ENGINE=MyISAM  DEFAULT CHARSET=latin1 AUTO_INCREMENT=28 ;

--
-- Dumping data for table `admin_submenu`
--

INSERT INTO `admin_submenu` (`id`, `menu_id`, `title`, `url`, `sort`) VALUES
(19, 8, 'Category', 'category.php', 2),
(1, 1, 'Project Settings', 'setting.php', 4),
(2, 1, 'Admin Settings', 'admin.php', 5),
(20, 8, 'Price', 'price.php', 2),
(21, 8, 'Projects', 'project.php', 1),
(22, 8, 'Feature Group', 'feature_group.php', 2),
(23, 8, 'Feature', 'feature.php', 3),
(24, 1, 'Session Settings', 'session.php', 25),
(25, 1, 'Password Settings', 'password_setting.php', 25),
(26, 1, 'Theme Settings', 'theme.php', 27),
(27, 1, 'IP Address Setting', 'ip_address.php', 30);

-- --------------------------------------------------------

--
-- Table structure for table `candidate`
--

CREATE TABLE IF NOT EXISTS `candidate` (
  `id` int(11) NOT NULL AUTO_INCREMENT,
  `student_id` int(11) NOT NULL DEFAULT '0',
  `candidate_category_id` int(11) NOT NULL DEFAULT '0',
  `election_id` int(11) NOT NULL DEFAULT '0',
  `ballot_name` varchar(255) NOT NULL,
  PRIMARY KEY (`id`)
) ENGINE=MyISAM  DEFAULT CHARSET=latin1 AUTO_INCREMENT=18 ;

--
-- Dumping data for table `candidate`
--

INSERT INTO `candidate` (`id`, `student_id`, `candidate_category_id`, `election_id`, `ballot_name`) VALUES
(16, 710, 12, 7, ''),
(14, 743, 11, 6, ''),
(13, 758, 11, 6, ''),
(17, 711, 12, 7, '');

-- --------------------------------------------------------

--
-- Table structure for table `candidate_category`
--

CREATE TABLE IF NOT EXISTS `candidate_category` (
  `id` int(11) NOT NULL AUTO_INCREMENT,
  `election_id` int(11) NOT NULL DEFAULT '0',
  `title` varchar(255) NOT NULL DEFAULT '',
  `description` text NOT NULL,
  `session` varchar(255) NOT NULL DEFAULT '',
  `section` varchar(255) NOT NULL,
  `order` int(11) NOT NULL DEFAULT '0',
  PRIMARY KEY (`id`)
) ENGINE=MyISAM  DEFAULT CHARSET=latin1 AUTO_INCREMENT=13 ;

--
-- Dumping data for table `candidate_category`
--

INSERT INTO `candidate_category` (`id`, `election_id`, `title`, `description`, `session`, `section`, `order`) VALUES
(12, 7, 'BOSS', '', '', '', 90),
(11, 6, 'Vice President', '', '', '', 1);

-- --------------------------------------------------------

--
-- Table structure for table `configuration`
--

CREATE TABLE IF NOT EXISTS `configuration` (
  `id` int(11) NOT NULL AUTO_INCREMENT,
  `key` varchar(64) NOT NULL DEFAULT '',
  `value` text NOT NULL,
  `title` varchar(64) DEFAULT NULL,
  `type` enum('Textbox','Textarea','Selectbox','Boolean') NOT NULL DEFAULT 'Textbox',
  `visible` enum('Yes','No') NOT NULL DEFAULT 'Yes',
  PRIMARY KEY (`id`)
) ENGINE=MyISAM  DEFAULT CHARSET=latin1 AUTO_INCREMENT=30 ;

--
-- Dumping data for table `configuration`
--

INSERT INTO `configuration` (`id`, `key`, `value`, `title`, `type`, `visible`) VALUES
(1, 'PROJECT_NAME', 'Voting System', 'Project Name', 'Textbox', 'Yes'),
(2, 'LISTING_PER_PAGE', '30', 'Listing Per Page', 'Textarea', 'Yes'),
(3, 'ACTIVE_SESSION', '|2012-2013|2011-2012|2010-2011|', 'Sessions', 'Textbox', 'No'),
(17, 'PASSWORD_LENGTH', '8', 'Password Length', 'Textbox', 'Yes'),
(27, 'MAX_IMAGE_WIDTH', '420', 'Max Image Width', 'Textbox', 'No'),
(28, 'MAX_THUMB_WIDTH', '120', 'Max Thumbnail Width', 'Textbox', 'No'),
(29, 'FOOTER_TEXT', '© Copyright 2011 Voting System', 'Footer Text', 'Textbox', 'Yes');

-- --------------------------------------------------------

--
-- Table structure for table `election`
--

CREATE TABLE IF NOT EXISTS `election` (
  `id` int(11) NOT NULL AUTO_INCREMENT,
  `title` varchar(255) NOT NULL DEFAULT '',
  `description` text NOT NULL,
  `session` varchar(255) NOT NULL DEFAULT '',
  `date` date NOT NULL DEFAULT '0000-00-00',
  `start_time` time NOT NULL DEFAULT '00:00:00',
  `end_time` time NOT NULL DEFAULT '00:00:00',
  `status` enum('Active','Inactive','Completed') NOT NULL DEFAULT 'Inactive',
  PRIMARY KEY (`id`)
) ENGINE=MyISAM  DEFAULT CHARSET=latin1 AUTO_INCREMENT=8 ;

--
-- Dumping data for table `election`
--

INSERT INTO `election` (`id`, `title`, `description`, `session`, `date`, `start_time`, `end_time`, `status`) VALUES
(6, 'CSE Society Election 2014', 'CSE Society VP Election', '|2012-2013|2011-2012|2010-2011|', '2014-03-25', '00:00:00', '00:00:00', 'Completed');

-- --------------------------------------------------------

--
-- Table structure for table `image`
--

CREATE TABLE IF NOT EXISTS `image` (
  `id` int(11) NOT NULL AUTO_INCREMENT,
  `path` varchar(255) NOT NULL DEFAULT '',
  `thumb_path` varchar(255) NOT NULL DEFAULT '',
  `created` datetime NOT NULL DEFAULT '0000-00-00 00:00:00',
  `modified` datetime NOT NULL DEFAULT '0000-00-00 00:00:00',
  `status` enum('Active','Inactive') NOT NULL DEFAULT 'Active',
  PRIMARY KEY (`id`)
) ENGINE=MyISAM  DEFAULT CHARSET=latin1 AUTO_INCREMENT=13 ;

--
-- Dumping data for table `image`
--

INSERT INTO `image` (`id`, `path`, `thumb_path`, `created`, `modified`, `status`) VALUES
(9, 'images/uploads/student/2014VP/Emon.jpg', 'images/uploads/student/2014VP/Emon_thumb.jpg', '2008-04-01 16:48:14', '2008-04-01 16:48:15', 'Active'),
(10, 'images/uploads/student/2014VP/Mukul.jpg', 'images/uploads/student/2014VP/Mukul_thumb.jpg', '2008-04-01 16:48:53', '2008-04-01 16:48:53', 'Active'),
(12, 'images/uploads/student/710/296515319.jpg', 'images/uploads/student/710/thumb/296515319.jpg', '2008-04-01 16:49:16', '2008-04-01 16:49:17', 'Active'),
(5, 'images/uploads/student/238/1073694274.jpg', 'images/uploads/student/238/thumb/1073694274.jpg', '2008-04-01 16:49:39', '2008-04-01 16:49:39', 'Active');

-- --------------------------------------------------------

--
-- Table structure for table `ip_address`
--

CREATE TABLE IF NOT EXISTS `ip_address` (
  `id` int(11) NOT NULL AUTO_INCREMENT,
  `pc_name` varchar(255) NOT NULL,
  `ip_address` varchar(255) NOT NULL,
  `status` enum('Active','Inactive') NOT NULL DEFAULT 'Active',
  PRIMARY KEY (`id`)
) ENGINE=MyISAM  DEFAULT CHARSET=latin1 AUTO_INCREMENT=28 ;

--
-- Dumping data for table `ip_address`
--

INSERT INTO `ip_address` (`id`, `pc_name`, `ip_address`, `status`) VALUES
(27, 'Jums-PC', '10.100.32.83', 'Active'),
(26, 'Host-PC', '127.0.0.1', 'Active'),
(24, 'Arif-PC', '10.100.32.25', 'Active'),
(22, 'RajibPC', '10.100.32.51', 'Active'),
(23, 'Nafis PC', '10.100.32.71', 'Active');

-- --------------------------------------------------------

--
-- Table structure for table `student`
--

CREATE TABLE IF NOT EXISTS `student` (
  `id` int(11) NOT NULL AUTO_INCREMENT,
  `reg_no` int(11) NOT NULL DEFAULT '0',
  `name` varchar(255) NOT NULL DEFAULT '',
  `password` varchar(255) NOT NULL DEFAULT '',
  `image_id` varchar(255) NOT NULL DEFAULT '',
  `session` varchar(255) NOT NULL DEFAULT '',
  `section` enum('A','B') NOT NULL DEFAULT 'A',
  `status` enum('Active','Inactive') NOT NULL DEFAULT 'Active',
  PRIMARY KEY (`id`)
) ENGINE=MyISAM  DEFAULT CHARSET=latin1 AUTO_INCREMENT=892 ;

--
-- Dumping data for table `student`
--

INSERT INTO `student` (`id`, `reg_no`, `name`, `password`, `image_id`, `session`, `section`, `status`) VALUES
(1, 2002331002, 'Md. Fahim Easin Mahbub', '9549894f', '', '2002-2003', 'A', 'Active'),
(2, 2002331006, 'Md. Imranul Hasan', 'c69cfa48', '', '2002-2003', 'A', 'Active'),
(3, 2002331009, 'Md. Misbahul Alam Chowdhury', '54f9d71e', '', '2002-2003', 'A', 'Active'),
(4, 2002331011, 'Raiyan Karim', 'eae2d8fd', '', '2002-2003', 'A', 'Active'),
(5, 2002331013, 'Rajib  Banik', '7b05b4eb', '', '2002-2003', 'A', 'Active'),
(6, 2002331014, 'Kazi Md. Kamal Ibne Aziz', '7b6d2bf6', '', '2002-2003', 'A', 'Active'),
(7, 2002331018, 'Md. Sumon Mohtasin', '163feb42', '', '2002-2003', 'A', 'Active'),
(8, 2002331020, 'Md. Mahbubul Haque', '45a89f9e', '', '2002-2003', 'A', 'Active'),
(9, 2002331026, 'Md. Mehedi Hassan', '658ce530', '', '2002-2003', 'A', 'Active'),
(10, 2002331028, 'Tanzeena Rahman', '5cd4c423', '', '2002-2003', 'A', 'Active'),
(11, 2002331030, 'Md. Milton Hossain', '7a67e63e', '', '2002-2003', 'A', 'Active'),
(12, 2002331034, 'Rima Pal', '435067ec', '', '2002-2003', 'A', 'Active'),
(13, 2002331040, 'Tuhin Kanti Das', '7a26b511', '', '2002-2003', 'A', 'Active'),
(14, 2002331041, 'Md. Golam Hafiz', '90b13c7e', '', '2002-2003', 'A', 'Active'),
(15, 2002331043, 'Azharul Islam', '24ca3103', '', '2002-2003', 'A', 'Active'),
(16, 2002331044, 'Md.Imadur Rahman', '5f47e8fd', '', '2002-2003', 'A', 'Active'),
(17, 2002331045, 'Barnali Chakrabarti Pinky', '8c83b772', '', '2002-2003', 'A', 'Active'),
(18, 2002331046, 'Md. Zakir Hossain', 'cd74ff5b', '', '2002-2003', 'A', 'Active'),
(19, 2002331049, 'Ferdous Mohammed Shahriar', '1acf3596', '', '2002-2003', 'A', 'Active'),
(20, 2002331053, 'Md. Rashidul Hasan', 'd64fe1b4', '', '2002-2003', 'A', 'Active'),
(21, 2002331055, 'Md. Humayun Kabir', '41302f54', '', '2002-2003', 'A', 'Active'),
(22, 2002331057, 'Yasir Arefin', '73c22cb2', '', '2002-2003', 'A', 'Active'),
(23, 2002331059, 'Isahaque Miah', 'b21b54eb', '', '2002-2003', 'A', 'Active'),
(24, 2002331060, 'Khondkar Masud Elahi', '2775c67c', '', '2002-2003', 'A', 'Active'),
(25, 2002331061, 'Md. Abul Kalam Azad', '7bb39ab3', '', '2002-2003', 'A', 'Active'),
(26, 2002331062, 'Sumita Maitra', 'ed0c5630', '', '2002-2003', 'A', 'Active'),
(27, 2002331065, 'Muhammad Didarul Alam', '3fdee0eb', '', '2002-2003', 'A', 'Active'),
(28, 2002331066, 'Mohd. .Manjur Alam', '37b4f3ea', '', '2002-2003', 'A', 'Active'),
(29, 2002331070, 'Aminul Islam Chowdhury', 'c334a66d', '', '2002-2003', 'A', 'Active'),
(30, 2002331072, 'Abu Zia Md. Borhan Uddin', '5bc99824', '', '2002-2003', 'A', 'Active'),
(31, 2002331074, 'Mohammad Mahadi Hasan', '4e5d054c', '', '2002-2003', 'A', 'Active'),
(32, 2002331076, 'Hasan Mohammod Tareque', '126a4368', '', '2002-2003', 'A', 'Active'),
(33, 2002331078, 'Md. Mostafizur Rahman', '890acf67', '', '2002-2003', 'A', 'Active'),
(34, 2002331080, 'Md. Mahadi Masud Faisal', '599a1629', '', '2002-2003', 'A', 'Active'),
(35, 2002331082, 'Altaf Hussain', '4d6355b4', '', '2002-2003', 'A', 'Active'),
(36, 2002331084, 'Abdullahil Baki Md.Ruhunnabi', '5c19a8e0', '', '2002-2003', 'A', 'Active'),
(37, 2002331085, 'Sazibur Rahman', 'a50a0736', '', '2002-2003', 'A', 'Active'),
(38, 2002331091, 'Mst. Shanzida yasmin', '3e208c29', '', '2002-2003', 'A', 'Active'),
(39, 2002331092, 'Abdullah al Aaqib', '9c8c17dd', '', '2002-2003', 'A', 'Active'),
(40, 2002331094, 'Md. Hafizur Rahman', '3ef02c04', '', '2002-2003', 'A', 'Active'),
(41, 2002331096, 'Abu Hanif', '2d5d95e7', '', '2002-2003', 'A', 'Active'),
(42, 2002331101, 'A.Q.M Saiful Islam', '4371b3a5', '', '2002-2003', 'A', 'Active'),
(43, 2002331103, 'Md. Jubaer Rahman', 'c93b4a51', '', '2002-2003', 'A', 'Active'),
(44, 2002331104, 'Shamal Roy', '61babd3e', '', '2002-2003', 'A', 'Active'),
(45, 2002331109, 'Susthir Ranjan Sarkar', '47b4f2a1', '', '2002-2003', 'A', 'Active'),
(46, 2002331113, 'A. B. M. Rezbaul Islam', 'd29e7b90', '', '2002-2003', 'A', 'Active'),
(47, 2002331115, 'Md. Faisal Hasan Khan', '4eb31058', '', '2002-2003', 'A', 'Active'),
(48, 2002331117, 'Md. Nazrul Islam', '80404459', '', '2002-2003', 'A', 'Active'),
(49, 2002331119, 'Ahad Noor Alam', 'c0635a27', '', '2002-2003', 'A', 'Active'),
(50, 2002331120, 'Kohinur Akter baby', '5bdb492c', '', '2002-2003', 'A', 'Active'),
(51, 2002331121, 'Fahim Mohammad Chy', '4e5d9651', '', '2002-2003', 'A', 'Active'),
(52, 2001331055, 'Mohammad Jakir Hossain', 'cd76c2cd', '', '2002-2003', 'B', 'Active'),
(53, 2001331059, 'Faiz Ahmed', '8bf03634', '', '2002-2003', 'B', 'Active'),
(54, 2001331108, 'Jakir Hossain', '29efe4f8', '', '2002-2003', 'B', 'Active'),
(55, 2002331001, 'Rashedul Hossain Khan', '26821de1', '', '2002-2003', 'B', 'Active'),
(56, 2002331003, 'Md. Shihabuddin Sadi', 'f2d73802', '', '2002-2003', 'B', 'Active'),
(57, 2002331005, 'Rafiqul Islam', 'b7f92162', '', '2002-2003', 'B', 'Active'),
(58, 2002331007, 'Md.Mahmudul Hasan', 'ffe4992d', '', '2002-2003', 'B', 'Active'),
(59, 2002331010, 'Biplob Kumar Banik', '386203bd', '', '2002-2003', 'B', 'Inactive'),
(60, 2002331015, 'Masum Kabir', '7acbf794', '', '2002-2003', 'B', 'Active'),
(61, 2002331016, 'Md. Shamsul Alam', '8c590b55', '', '2002-2003', 'B', 'Active'),
(62, 2002331017, 'Md. Ashiqur Rahman', '8a433197', '', '2002-2003', 'B', 'Active'),
(63, 2002331019, 'Biplob Chandra Sarker', '9c05cf46', '', '2002-2003', 'B', 'Active'),
(64, 2002331021, 'S. Abdul Matin', '6bdf1850', '', '2002-2003', 'B', 'Active'),
(65, 2002331023, 'Abu Zafar Mohammad Sami', '7457d213', '', '2002-2003', 'B', 'Active'),
(66, 2002331024, 'Abdulla-Al-Masum', 'b9f95ea3', '', '2002-2003', 'B', 'Active'),
(67, 2002331025, 'Sadia Sultana', 'd496ac24', '', '2002-2003', 'B', 'Active'),
(68, 2002331027, 'Nazmur Rowshan Sumel', '319a153d', '', '2002-2003', 'B', 'Active'),
(69, 2002331029, 'Mamtaj Akter', 'a57c01d1', '', '2002-2003', 'B', 'Active'),
(70, 2002331031, 'Talha Ibne Imam', '838139f4', '', '2002-2003', 'B', 'Active'),
(71, 2002331032, 'Liton Sarkar', 'fa4f4bd4', '', '2002-2003', 'B', 'Active'),
(72, 2002331033, 'Md. Mojammel Hossain', 'f6cc5e87', '', '2002-2003', 'B', 'Active'),
(73, 2002331035, 'Mohmmed Ali Roni', '03c0707c', '', '2002-2003', 'B', 'Active'),
(74, 2002331036, 'Jakir Hossain', '79c575a2', '', '2002-2003', 'B', 'Active'),
(75, 2002331037, 'Md. Abul Bashar', '0334e6e1', '', '2002-2003', 'B', 'Active'),
(76, 2002331038, 'Md. Anwar Hossain', '9ea5f6f2', '', '2002-2003', 'B', 'Active'),
(77, 2002331039, 'N.A.M. Rezoanul Arefeen', '844dc2fb', '', '2002-2003', 'B', 'Active'),
(78, 2002331042, 'Nantu Chandra Das', '6b483227', '', '2002-2003', 'B', 'Active'),
(79, 2002331048, 'Tania Ferdousi', 'af15a9c1', '', '2002-2003', 'B', 'Active'),
(80, 2002331050, 'Dipti Roy', 'b73ca4bf', '', '2002-2003', 'B', 'Active'),
(81, 2002331052, 'Md. Iqbal Hossain Bhuiyan', 'd911daa6', '', '2002-2003', 'B', 'Active'),
(82, 2002331054, 'Md. Nasimuzzaman', 'cea0d4f5', '', '2002-2003', 'B', 'Active'),
(83, 2002331056, 'Md. Abu Naser Bikas', 'b337b990', '', '2002-2003', 'B', 'Active'),
(84, 2002331058, 'Janesar Azad', '8719c819', '', '2002-2003', 'B', 'Active'),
(85, 2002331063, 'Satish Chandra Das', '183ab1fa', '', '2002-2003', 'B', 'Active'),
(86, 2002331064, 'Mohammad Abdullah Al Mahmud', 'bf19cdfa', '', '2002-2003', 'B', 'Active'),
(87, 2002331067, 'Bishnu Pada Chanda', '4112acdc', '', '2002-2003', 'B', 'Active'),
(88, 2002331068, 'Martuza Ahmed', 'c9aa1a8f', '', '2002-2003', 'B', 'Active'),
(89, 2002331069, 'Md. Sohel Miah', '9943b4cb', '', '2002-2003', 'B', 'Active'),
(90, 2002331071, 'Mitu Kumar Debnath', '5b4a1061', '', '2002-2003', 'B', 'Active'),
(91, 2002331073, 'Nur Hossen', 'e143e139', '', '2002-2003', 'B', 'Active'),
(92, 2002331077, 'Fokrul Amin Rasel', '61197873', '', '2002-2003', 'B', 'Active'),
(93, 2002331079, 'Jahirul Islam', 'e3409ee1', '', '2002-2003', 'B', 'Active'),
(94, 2002331081, 'Muhammad Faysol Bhuiyan', '9c55c138', '', '2002-2003', 'B', 'Active'),
(95, 2002331083, 'Imtiaz Uddin Ahmed', 'f9d93a7a', '', '2002-2003', 'B', 'Active'),
(96, 2002331086, 'Abu Awal Md. Shoeb', '3c54da0c', '', '2002-2003', 'B', 'Active'),
(97, 2002331090, 'Kazi Ismat Jahan', '0879204a', '', '2002-2003', 'B', 'Active'),
(98, 2002331093, 'Md. Feroz Shams Pahlowan', '800fc626', '', '2002-2003', 'B', 'Active'),
(99, 2002331095, 'Halima Jamil', '0ca94bf2', '', '2002-2003', 'B', 'Active'),
(100, 2002331097, 'Md. Jahed Mia', '072b9a0d', '', '2002-2003', 'B', 'Active'),
(101, 2002331098, 'Muhammad Mahfuz Ibne Halim', '04765860', '', '2002-2003', 'B', 'Active'),
(102, 2002331100, 'Bappy Depnath', 'dce110f4', '', '2002-2003', 'B', 'Active'),
(103, 2002331102, 'Md. Khaled Ahmed', '1246452c', '', '2002-2003', 'B', 'Active'),
(104, 2002331106, 'Shah Muhammad Mazed', 'c355bace', '', '2002-2003', 'B', 'Active'),
(105, 2002331108, 'Md. Rashedur Rahman', 'b7680ac2', '', '2003-2004', 'A', 'Active'),
(106, 2002331110, 'Binayan Dey', '096a470e', '', '2002-2003', 'B', 'Active'),
(107, 2002331112, 'Md. Anisur Rahman', 'b69bdbda', '', '2002-2003', 'B', 'Active'),
(108, 2002331114, 'Dwijendra Chandra Das', '334d9679', '', '2002-2003', 'B', 'Active'),
(109, 2002331116, 'Dilruba Khanam', '4a4a0be4', '', '2002-2003', 'B', 'Active'),
(110, 2002331118, 'Muhammad Masud Rana', '85bcd6a0', '', '2002-2003', 'B', 'Active'),
(111, 2002331122, 'Md. Atikur Rahman', '32f2704d', '', '2002-2003', 'B', 'Active'),
(767, 2011331001, 'Sheikh Shafin Mahmud', '1348ab1c', '', '2011-2012', 'A', 'Active'),
(113, 2002331075, 'Zakir Hossain', 'a221fcc4', '', '2003-2004', 'A', 'Active'),
(114, 2002331105, 'Marjan ul Haque', '5ec8ab89', '', '2003-2004', 'A', 'Active'),
(115, 2002331111, 'Ziaur Rahman', '0669c388', '', '2003-2004', 'A', 'Active'),
(116, 2003331001, 'Moutusi Deb', 'b9b3cfeb', '', '2003-2004', 'A', 'Active'),
(117, 2003331003, 'Ahmed Naqibul Arefin', '0a933fba', '', '2003-2004', 'A', 'Active'),
(118, 2003331005, 'Mushfiqur Rahman', 'afd78147', '', '2003-2004', 'A', 'Active'),
(119, 2003331009, 'Md. Zakaria Alam', '574c3c61', '', '2003-2004', 'A', 'Active'),
(120, 2003331013, 'Prianka Banik', '6581fed2', '', '2003-2004', 'A', 'Active'),
(121, 2003331015, 'Sayeda Ferdousi', '16fcd6a9', '', '2003-2004', 'A', 'Active'),
(122, 2003331017, 'Farhana Akther Khan', 'e1b06bd6', '', '2003-2004', 'A', 'Active'),
(123, 2003331019, 'Ayesha Tasnim', 'df05daf1', '', '2003-2004', 'A', 'Active'),
(124, 2003331021, 'Md. Mamun ? Ur ? Rashid', 'de124d73', '', '2003-2004', 'A', 'Active'),
(125, 2003331023, 'Md. Tafazzol Hossain', 'e61a3b76', '', '2003-2004', 'A', 'Active'),
(126, 2003331025, 'Md. Habibur Rahman', 'c78801e2', '', '2003-2004', 'A', 'Active'),
(127, 2003331027, 'Rumana Fattah Chowdhury', '1485b72f', '', '2003-2004', 'A', 'Active'),
(128, 2003331029, 'Md. Saiful Islam', '36983cf8', '', '2003-2004', 'A', 'Active'),
(129, 2003331031, 'Hasan Md. Suhag', '8f2e722f', '', '2003-2004', 'A', 'Active'),
(130, 2003331033, 'E.A.M. Benzamin Basher', '619b33ed', '', '2003-2004', 'A', 'Active'),
(131, 2003331035, 'Md. Nahidul Hasan', 'b2f00e8e', '', '2003-2004', 'A', 'Active'),
(132, 2003331037, 'Shahnaz Parvin Nina', '21b0793f', '', '2003-2004', 'A', 'Active'),
(133, 2003331043, 'Pranajit Kumar Das', 'e9f84105', '', '2003-2004', 'A', 'Active'),
(134, 2003331045, 'Abu Hossain', 'a720f8e9', '', '2003-2004', 'A', 'Active'),
(135, 2003331047, 'Nusrat Sharmin', '2d8a7c4c', '', '2003-2004', 'A', 'Active'),
(136, 2003331051, 'N. M. Rakibul Hasan', '5d7e9cdc', '', '2003-2004', 'A', 'Active'),
(137, 2003331053, 'Monish Chakraborty', '0a3a8e46', '', '2003-2004', 'A', 'Active'),
(138, 2003331057, 'Sathi Rani Roy', '1e9f6873', '', '2003-2004', 'A', 'Active'),
(139, 2003331059, 'Susanta Kumar Saha', '31925229', '', '2003-2004', 'A', 'Active'),
(140, 2003331061, 'Sm Mahmudul Hasan', 'a2f94334', '', '2003-2004', 'A', 'Active'),
(141, 2003331063, 'Md Mahamudur Rahman', 'e5ed97b4', '', '2003-2004', 'A', 'Active'),
(142, 2003331065, 'Md. Salahuddin Bhuiyan', 'b45822c4', '', '2003-2004', 'A', 'Active'),
(143, 2003331067, 'Mahbub-E-Rabbani', '886bf9c1', '', '2003-2004', 'A', 'Active'),
(144, 2003331069, 'Md. Anamul Haque', '0c3ea184', '', '2003-2004', 'A', 'Active'),
(145, 2003331071, 'Md.Aminur Rahman', '2db7ea4d', '', '2003-2004', 'A', 'Active'),
(146, 2003331073, 'Md. Misbahur Rahman', '388f9d9f', '', '2003-2004', 'A', 'Active'),
(147, 2003331075, 'Ahmmed Ektear Shakil', '85e11883', '', '2003-2004', 'A', 'Active'),
(148, 2003331077, 'Rasheda Sultana', '1e8c6b93', '', '2003-2004', 'A', 'Active'),
(149, 2003331079, 'Chanda Bhattacharjee', '3105e6be', '', '2003-2004', 'A', 'Active'),
(150, 2003331081, 'Debotosh Dey', 'e1c50dd8', '', '2003-2004', 'A', 'Active'),
(151, 2003331083, 'Forkan Uddin', '5f516b16', '', '2003-2004', 'A', 'Active'),
(152, 2003331085, 'Shaikh Md. Mamunur Rashid', '586c6dab', '', '2003-2004', 'A', 'Active'),
(153, 2003331087, 'Mohammad Nurul Afsar', 'ed9d10dd', '', '2003-2004', 'A', 'Active'),
(154, 2003331089, 'Monir Md. Rashedul Hoque', '8382db01', '', '2003-2004', 'A', 'Active'),
(155, 2003331091, 'Mohiuddin Ibne Kawsar', 'f2c0d010', '', '2003-2004', 'A', 'Active'),
(156, 2003331093, 'Nurul Alam', '3fe07876', '', '2003-2004', 'A', 'Active'),
(157, 2003331097, 'Mst. Mousumi Aktar', 'b4aa793a', '', '2003-2004', 'A', 'Active'),
(158, 2003331099, 'Nibir Hossain', '372dd388', '', '2003-2004', 'A', 'Active'),
(159, 2003331101, 'Manas Kanti Dey', '849d7c0c', '', '2003-2004', 'A', 'Active'),
(160, 2003331103, 'Mir Nazrul Islam', 'dff0fc53', '', '2003-2004', 'A', 'Active'),
(161, 2003331105, 'Muhammad Masud Rashid', 'd0f364fc', '', '2003-2004', 'A', 'Active'),
(162, 2003331107, 'Enatyet Karim Tuhin', '9c020516', '', '2003-2004', 'A', 'Active'),
(163, 2003331109, 'Md. Sohrab Hossain', '0c812014', '', '2003-2004', 'A', 'Active'),
(164, 2003331111, 'Md. Mamun Hossain', '58ee00e5', '', '2003-2004', 'A', 'Active'),
(165, 2003331113, 'Mst.Mahfuja Akter', '0dc1b852', '', '2003-2004', 'A', 'Active'),
(166, 2003331115, 'Md Khairul Islam Bhuian', '39681379', '', '2003-2004', 'A', 'Active'),
(167, 2003331117, 'Md. Sahadat Hossain Mazumder', '15493499', '', '2003-2004', 'A', 'Active'),
(168, 2003331119, 'Al- Mamun', 'c4bab1e1', '', '2003-2004', 'A', 'Active'),
(169, 2003331121, 'Bijay Kumar Yadav', 'ce7dd616', '', '2003-2004', 'A', 'Active'),
(170, 2003331002, 'Debakar Shamanta', 'd176b570', '', '2003-2004', 'B', 'Active'),
(171, 2003331004, 'Md. Akter Hussain', '1ef4f5da', '', '2003-2004', 'B', 'Active'),
(172, 2003331006, 'Hiro Mia', '5d33fd76', '', '2003-2004', 'B', 'Active'),
(173, 2003331008, 'Ahmad Rakib Uddin', '9b49db19', '', '2003-2004', 'B', 'Active'),
(174, 2003331012, 'Pallab Kanti Roy', '05ae6ffc', '', '2003-2004', 'B', 'Active'),
(175, 2003331014, 'Md. Golam Faroque Sarkar', '7c2ee4d1', '', '2003-2004', 'B', 'Active'),
(176, 2003331016, 'Kallol Naha', 'd40d99a7', '', '2003-2004', 'B', 'Active'),
(177, 2003331018, 'Syeda Suhana Rahman', 'e8801a2b', '', '2003-2004', 'B', 'Active'),
(178, 2003331020, 'Muhammed Nyeem Hassan', '78df7d53', '', '2003-2004', 'B', 'Active'),
(179, 2003331024, 'Marufa Rahmi', '66167a37', '', '2003-2004', 'B', 'Active'),
(180, 2003331026, 'Shifat Jahan', 'c31ba40b', '', '2003-2004', 'B', 'Active'),
(181, 2003331028, 'Moshhud Ahmed', 'cc2aca74', '', '2003-2004', 'B', 'Active'),
(182, 2003331030, 'Abu Sadat Mohammed Yasin', '9ee48b39', '', '2003-2004', 'B', 'Active'),
(183, 2003331036, 'Md.Mehedi Hasan', '4619238c', '', '2003-2004', 'B', 'Active'),
(184, 2003331038, 'Md. Anwarul Hasan', '0e7ab807', '', '2003-2004', 'B', 'Active'),
(185, 2003331040, 'Rajib Sen', 'd62caa1d', '', '2003-2004', 'B', 'Active'),
(186, 2003331042, 'Abul Bashar Darzi', 'febf7420', '', '2003-2004', 'B', 'Active'),
(187, 2003331044, 'Mukta Rani Barai', '8a97aced', '', '2003-2004', 'B', 'Active'),
(188, 2003331046, 'Md Firoz', 'be70a216', '', '2003-2004', 'B', 'Active'),
(189, 2003331052, 'Md. Aramn Ullah', 'c44ace14', '', '2003-2004', 'B', 'Active'),
(190, 2003331054, 'ZAMAN', '16b6813d', '|1|', '2003-2004', 'B', 'Active'),
(191, 2003331060, 'A.M. Fazleh Rabbee', '516e334a', '', '2003-2004', 'B', 'Active'),
(192, 2003331062, 'Tusar Majumder', '81070bce', '', '2003-2004', 'B', 'Active'),
(193, 2003331066, 'Khandakar Shohad Al Mamun', 'fd5d1036', '', '2003-2004', 'B', 'Active'),
(194, 2003331068, 'Md. Shafiul Alam', '7fee8ff3', '', '2003-2004', 'B', 'Active'),
(195, 2003331070, 'Suronjit Chakraborty', 'a50c5356', '', '2003-2004', 'B', 'Active'),
(196, 2003331074, 'Md.Kamal Hossain', 'ac335252', '', '2003-2004', 'B', 'Active'),
(197, 2003331076, 'S. M. Hasanul Banna', 'd676e5f4', '', '2003-2004', 'B', 'Active'),
(198, 2003331078, 'Quazi Wahiduzzaman', 'e8291c43', '', '2003-2004', 'B', 'Active'),
(199, 2003331080, 'Rupak Das', '30df7ca9', '', '2003-2004', 'B', 'Active'),
(200, 2003331082, 'Md. Taiful Islam Khan', '70ba6365', '', '2003-2004', 'B', 'Active'),
(201, 2003331084, 'Munmun Shampath Barua', 'eca1da9f', '', '2003-2004', 'B', 'Active'),
(202, 2003331086, 'Nilufar Easmin', '958108cb', '', '2003-2004', 'B', 'Active'),
(203, 2003331088, 'Mizanur Rahman', 'fc901b6c', '', '2003-2004', 'B', 'Active'),
(204, 2003331090, 'Mahmudul Hasan', '9cf9f008', '', '2003-2004', 'B', 'Active'),
(205, 2003331092, 'Kazi Amena Begum', '2b0f7d8e', '', '2003-2004', 'B', 'Active'),
(206, 2003331094, 'A.F.M. Shahreyar Faheem', '6f5f907b', '', '2003-2004', 'B', 'Active'),
(207, 2003331098, 'Md. Iman Ali', '79335e6e', '', '2003-2004', 'B', 'Active'),
(208, 2003331100, 'Md Mahbub Sadique', 'e66c84fe', '', '2003-2004', 'B', 'Active'),
(209, 2003331102, 'Md. Jabrul Islam', '16a66eba', '', '2003-2004', 'B', 'Active'),
(210, 2003331104, 'Sarker Monojit Asish', '78194658', '', '2003-2004', 'B', 'Active'),
(211, 2003331106, 'Dil Afroza', 'f88fa9bd', '', '2003-2004', 'B', 'Active'),
(212, 2003331108, 'Md. Mokammal Hossain', '4b86bba0', '', '2003-2004', 'B', 'Active'),
(213, 2003331110, 'Rintu Kumar Chowdhury', 'ff56221c', '', '2003-2004', 'B', 'Active'),
(214, 2003331112, 'Md. Rasel Rana', 'd9e07988', '', '2003-2004', 'B', 'Active'),
(215, 2003331116, 'Md Nazim Shahid Khan', 'adb11f72', '', '2003-2004', 'B', 'Active'),
(216, 2003331118, 'Shah Md. Nazmul Huda Shahed', 'd73ab787', '', '2003-2004', 'B', 'Active'),
(266, 2003331032, 'Tariq M Nasim', 'c5e8de2c', '', '2004-2005', 'B', 'Active'),
(218, 2004331001, 'Sabir  Ismail', '18bb7655', '', '2004-2005', 'A', 'Active'),
(219, 2004331003, 'Arif Ahmad', '8d321ab4', '', '2004-2005', 'A', 'Inactive'),
(220, 2004331005, 'Abul  Hasnat  Azad', '8cf4be9a', '', '2004-2005', 'A', 'Inactive'),
(221, 2004331007, 'Mahjabeen Akter', 'e35a371b', '', '2004-2005', 'A', 'Active'),
(222, 2004331009, 'Bidhan Biswas', 'e11dc293', '', '2004-2005', 'A', 'Active'),
(223, 2004331011, 'Md. Masud Rana', '5ad4426c', '', '2004-2005', 'A', 'Active'),
(224, 2004331015, 'Md. Kamrul Hasan', 'bf16a908', '', '2004-2005', 'A', 'Active'),
(225, 2004331017, 'SHUMON', 'fe72aa3a', '|3|', '2004-2005', 'A', 'Active'),
(226, 2004331019, 'Md. Sanin Hashem', '70419845', '', '2004-2005', 'A', 'Active'),
(227, 2004331021, 'Alamgir Kabir', '592f63b0', '', '2004-2005', 'A', 'Active'),
(228, 2004331023, 'Md. Zahid Hasan', '98917365', '', '2004-2005', 'A', 'Active'),
(229, 2004331025, 'A.F.M Saifuddin Saif', 'c366aec3', '', '2004-2005', 'A', 'Active'),
(230, 2004331027, 'Abu Haider Siddiq', '622ae3ee', '', '2004-2005', 'A', 'Active'),
(231, 2004331029, 'Mehedi Hasan', 'efef2b40', '', '2004-2005', 'A', 'Active'),
(232, 2004331031, 'Pranab Mitra', '8e6e7752', '', '2004-2005', 'A', 'Active'),
(233, 2004331033, 'Md. Ahsan Habib Rocky', 'adabccaf', '', '2004-2005', 'A', 'Active'),
(234, 2004331035, 'Md. Abdullah Al Bake', 'd1bd4023', '', '2004-2005', 'A', 'Active'),
(235, 2004331037, 'Rajib Bhowmik', '2678aec7', '', '2004-2005', 'A', 'Active'),
(236, 2004331039, 'Farhan Abdullah Shahnewaz', '7f821d83', '', '2004-2005', 'A', 'Active'),
(237, 2004331041, 'Zannatun Nayeem', '237bde76', '', '2004-2005', 'A', 'Active'),
(238, 2004331043, 'JEMI', '6eb8fa69', '|5|', '2004-2005', 'A', 'Active'),
(239, 2004331045, 'Devojyoti Aich', '6d7ceeb8', '', '2004-2005', 'A', 'Active'),
(240, 2004331047, 'Tohurun Shewly', 'f486b526', '', '2004-2005', 'A', 'Active'),
(241, 2004331049, 'Md. Mohiuddin', '99fdc359', '', '2004-2005', 'A', 'Active'),
(242, 2004331051, 'Mohammed Najim-ul-Goni', 'c7e0464e', '', '2004-2005', 'A', 'Inactive'),
(243, 2004331053, 'K. M. Shajedul Alam', '0468a12c', '', '2004-2005', 'A', 'Active'),
(244, 2004331055, 'Md. Ziaur Rahman', '8ea192c4', '', '2004-2005', 'A', 'Active'),
(245, 2004331057, 'Md. Arifur Rahman', '8b820e5b', '', '2004-2005', 'A', 'Active'),
(246, 2004331059, 'Md. Moniruzzaman', '31f60a29', '', '2004-2005', 'A', 'Active'),
(247, 2004331061, 'Rokshana Jahan', '3122b4b8', '', '2004-2005', 'A', 'Active'),
(248, 2004331063, 'Dipok Kumer Mondal', '41f82bac', '', '2004-2005', 'A', 'Active'),
(249, 2004331065, 'Nazmon Nahar', '1dd6008d', '', '2004-2005', 'A', 'Active'),
(250, 2004331067, 'Md. Murshid Sarker', '0646e867', '', '2004-2005', 'A', 'Active'),
(251, 2004331069, 'Kazi Moinul Hossain', 'f2059cb1', '', '2004-2005', 'A', 'Active'),
(252, 2004331071, 'Sajadur Rahman Khan', '1fd7c0fd', '', '2004-2005', 'A', 'Active'),
(253, 2004331073, 'Md.Mamunur Rashid', '836f7fbd', '', '2004-2005', 'A', 'Active'),
(254, 2004331075, 'Mohammad Mahmodul Hasan', 'eb80f5fe', '', '2004-2005', 'A', 'Active'),
(255, 2004331077, 'Md. Abdus Salam', '5f35de8e', '', '2004-2005', 'A', 'Active'),
(256, 2004331079, 'Md. Shafiqul Islam', 'c89f024c', '', '2004-2005', 'A', 'Active'),
(257, 2004331081, 'Sahidul Hassan', 'a8222351', '', '2004-2005', 'A', 'Active'),
(258, 2004331083, 'Md. Habibur Rahman', '230202f7', '', '2004-2005', 'A', 'Active'),
(259, 2004331085, 'Ruby Paul', '05f56d5f', '', '2004-2005', 'A', 'Active'),
(260, 2004331087, 'Md. Kamrul Islam', 'a82cf283', '', '2004-2005', 'A', 'Active'),
(261, 2004331089, 'Kazi Md. Masud Kysher', '53991a98', '', '2004-2005', 'A', 'Active'),
(262, 2004331093, 'Md. Zubayer Ahmed', '6cebb6a7', '', '2004-2005', 'A', 'Active'),
(263, 2004331095, 'Md.Monirul Islam', '09c79ffb', '', '2004-2005', 'A', 'Active'),
(264, 2004331097, 'Ziaul Hasan Kibriya', 'af226e00', '', '2004-2005', 'A', 'Active'),
(265, 2004331099, 'Md.Al Amin Sarkar', 'd367da1c', '', '2004-2005', 'A', 'Active'),
(267, 2003331048, 'Prioranjan Chowdhury', 'aef6e5dd', '', '2004-2005', 'B', 'Active'),
(268, 2003331050, 'Md. Farhad Miah', '7bf20fe5', '', '2004-2005', 'B', 'Active'),
(269, 2003331064, 'Avijit Saha', '557d4769', '', '2004-2005', 'B', 'Active'),
(270, 2003331120, 'Md. Samiul Alim', 'b7bdc54b', '', '2004-2005', 'B', 'Active'),
(271, 2004331002, 'Abu Naser', 'af3a393f', '', '2004-2005', 'B', 'Active'),
(272, 2004331004, 'Tamal  Kanti Ghose', '336733ce', '', '2004-2005', 'B', 'Active'),
(273, 2004331006, 'Abul   Kashem', 'ece45270', '', '2004-2005', 'B', 'Active'),
(274, 2004331008, 'Tasnim Zahan', '6df74459', '', '2004-2005', 'B', 'Active'),
(275, 2004331010, 'MOHIT', '86b4304a', '|4|', '2004-2005', 'B', 'Active'),
(276, 2004331012, 'Md. Zia Uddin', 'ad4b9884', '', '2004-2005', 'B', 'Active'),
(277, 2004331016, 'Amio Kumar Pramanik', '3519b389', '', '2004-2005', 'B', 'Active'),
(278, 2004331020, 'Mariom Jamila Chowdhury', 'b3335ebf', '', '2004-2005', 'B', 'Active'),
(279, 2004331022, 'Shailen Chandra Das', '7439008e', '', '2004-2005', 'B', 'Active'),
(280, 2004331024, 'Shibbir Ahmed', '131b81cf', '', '2004-2005', 'B', 'Active'),
(281, 2004331026, 'Md. Rakibul Alam Khan', 'cb903b4c', '', '2004-2005', 'B', 'Active'),
(282, 2004331028, 'Abu Zahed Zani', '93398ab8', '', '2004-2005', 'B', 'Active'),
(283, 2004331030, 'Anup Biswas', 'c6e75488', '', '2004-2005', 'B', 'Active'),
(284, 2004331032, 'Kazi  Mehedi Hasan', 'f271d821', '', '2004-2005', 'B', 'Active'),
(285, 2004331034, 'Sheikh Khaleduzzaman Shah', 'c7018db9', '', '2004-2005', 'B', 'Active'),
(286, 2004331036, 'Md. Alauddin Mojumder', '4270cf32', '', '2004-2005', 'B', 'Active'),
(287, 2004331038, 'Md. Syduzzaman', 'efafe7a6', '', '2004-2005', 'B', 'Active'),
(288, 2004331040, 'Pritam Jyoti Ray', '39aa7c20', '', '2004-2005', 'B', 'Active'),
(289, 2004331044, 'Ghori Najmun Nahar Holy', 'cb237744', '', '2004-2005', 'B', 'Active'),
(290, 2004331046, 'Md. Easa  Mollah', '595cde75', '', '2004-2005', 'B', 'Inactive'),
(291, 2004331048, 'Abu Sayem Chowdhury', '012ec1b3', '', '2004-2005', 'B', 'Active'),
(292, 2004331050, 'Zilhaz Jalal Chy.', '43294a18', '', '2004-2005', 'B', 'Inactive'),
(293, 2004331052, 'Mahbubur Rob Talha', '7354a843', '', '2004-2005', 'B', 'Active'),
(294, 2004331054, 'Wahidul Islam', 'd538ded5', '', '2004-2005', 'B', 'Active'),
(295, 2004331056, 'Md.  Faysal Osmany', 'c8b7ce18', '', '2004-2005', 'B', 'Active'),
(296, 2004331058, 'Md. Robin Hossain', '79d004b7', '', '2004-2005', 'B', 'Active'),
(297, 2004331060, 'Md. Shawon Mahmud', '270cbc12', '', '2004-2005', 'B', 'Active'),
(298, 2004331062, 'Md. Kawsar Al-Amin', '790600ba', '', '2004-2005', 'B', 'Active'),
(299, 2004331064, 'Plabon Modak', 'aca19ae3', '', '2004-2005', 'B', 'Active'),
(300, 2004331066, 'Md. Kamal Uddin', 'd1aa91c4', '', '2004-2005', 'B', 'Active'),
(301, 2004331068, 'Md. Raahsalah Salak', 'f8fbb93e', '', '2004-2005', 'B', 'Active'),
(302, 2004331070, 'Md. Mahbub Alam Khan', '41f96052', '', '2004-2005', 'B', 'Active'),
(303, 2004331072, 'Md. Kamran Ahmed', '1d75971d', '', '2004-2005', 'B', 'Active'),
(304, 2004331074, 'Munsy Md. Abu Hasan', '00fcac0f', '', '2004-2005', 'B', 'Active'),
(305, 2004331076, 'Nosrat Sharmin Mouri', '2826a734', '', '2004-2005', 'B', 'Inactive'),
(306, 2004331078, 'Shaydul Haque Mihir', '0f354ffc', '', '2004-2005', 'B', 'Active'),
(307, 2004331080, 'Merina Jahan Dipti', 'ead905fa', '', '2004-2005', 'B', 'Active'),
(308, 2004331082, 'Munsy Md. Misbah Uddin', '9b5318c9', '', '2004-2005', 'B', 'Active'),
(309, 2004331084, 'Goutom Roy', '824ad22d', '', '2004-2005', 'B', 'Active'),
(310, 2004331086, 'Md. Assaduzzaman Khan', 'dcdb6f4f', '', '2004-2005', 'B', 'Active'),
(311, 2004331088, 'A. S. M. Sayem', '2e585e16', '', '2004-2005', 'B', 'Active'),
(312, 2004331090, 'Abu Sadat Mohammad Sayem', '499e5170', '', '2004-2005', 'B', 'Active'),
(313, 2004331094, 'Imtiaz Ahmed', '4b99fc7a', '', '2004-2005', 'B', 'Active'),
(314, 2004331096, 'Md .Nimul Hasnat', '4b8c7b67', '', '2004-2005', 'B', 'Active'),
(315, 2004331098, 'S.M. Irfanur Rahman', '53ec7073', '', '2004-2005', 'B', 'Active'),
(316, 2004331100, 'Md. Khaliful Islam', 'fe54ca68', '', '2004-2005', 'B', 'Active'),
(317, 2005331001, 'Iftekhar Uddin Ahmed', '51727cc3', '', '2005-2006', 'A', 'Active'),
(318, 2005331003, 'Sohel Sorwar', 'd431f5ce', '', '2005-2006', 'A', 'Active'),
(319, 2005331005, 'Sanchita Talukder Adm: Cancelled', '915fbd78', '', '2005-2006', 'A', 'Active'),
(320, 2005331007, 'Mahjabin Rahman', '08d8c2f8', '', '2005-2006', 'A', 'Active'),
(321, 2005331009, 'Md. Belayet Hossain', 'c9cdd004', '', '2005-2006', 'A', 'Active'),
(322, 2005331011, 'Md. Rezwanul Islam', 'ee284798', '', '2005-2006', 'A', 'Active'),
(323, 2005331013, 'Saikat Ray Tapu', 'a522c287', '', '2005-2006', 'A', 'Active'),
(324, 2005331017, 'Md. Mejbahul Alam', 'b1469957', '', '2005-2006', 'A', 'Active'),
(325, 2005331019, 'Md. Shahidullah-Al-Maruf', '7697a722', '', '2005-2006', 'A', 'Active'),
(326, 2005331021, 'Noni Gopal Sutradhar', '0fb4af67', '', '2005-2006', 'A', 'Active'),
(327, 2005331023, 'Amitav Dev', 'f564c0bc', '', '2005-2006', 'A', 'Active'),
(328, 2005331025, 'Shaikh Nazmul Hasan', 'd4d96f45', '', '2005-2006', 'A', 'Active'),
(329, 2005331027, 'Hasan Md. Sabbir Hossain', 'e4d3cbe9', '', '2005-2006', 'A', 'Active'),
(330, 2005331029, 'Miraz Mahmud', '6edac58c', '', '2005-2006', 'A', 'Active'),
(331, 2005331031, 'Mashruf Zaman Chowdhury', 'b11e6672', '', '2005-2006', 'A', 'Active'),
(332, 2005331033, 'Nusrat Jahan Bhuyan', 'b6f6c0ef', '', '2005-2006', 'A', 'Active'),
(333, 2005331035, 'Shakera Mamun Chowdhury', 'd3b1aee1', '', '2005-2006', 'A', 'Active'),
(334, 2005331037, 'Syed Modasser Hossain', 'c824eb9c', '', '2005-2006', 'A', 'Active'),
(335, 2005331039, 'Md. Asef Jamal', '45ceb4b2', '', '2005-2006', 'A', 'Active'),
(336, 2005331041, 'Anindya Bhowmik', '9f4fba98', '', '2005-2006', 'A', 'Active'),
(337, 2005331043, 'Md. Mahbubur Rahman', '85df22b3', '', '2005-2006', 'A', 'Active'),
(338, 2005331045, 'Zabir Haider Khan', '8250f89b', '', '2005-2006', 'A', 'Active'),
(339, 2005331047, 'Md. Rafiur Rahman', '3c819ed3', '', '2005-2006', 'A', 'Active'),
(340, 2005331049, 'Tahmim Ahmed Shibli', '56e7fcdf', '', '2005-2006', 'A', 'Active'),
(341, 2005331051, 'Md. Mahmudul Hasan', 'c1d8ccb5', '', '2005-2006', 'A', 'Active'),
(342, 2005331053, 'Md. Mahfuz Rahman', '35712389', '', '2005-2006', 'A', 'Active'),
(343, 2005331055, 'Md. Shakurul Islam Sarder', '0fb931de', '', '2005-2006', 'A', 'Active'),
(344, 2005331057, 'Farzana Jalil', 'aae431d2', '', '2005-2006', 'A', 'Active'),
(345, 2005331059, 'Ahsanullah Siddiqi', 'e70a704c', '', '2005-2006', 'A', 'Active'),
(346, 2005331061, 'Dilruba Afruz', '93d2da40', '', '2005-2006', 'A', 'Active'),
(347, 2005331063, 'Sajal Miah', '79b82579', '', '2005-2006', 'A', 'Active'),
(348, 2005331065, 'Md. Burhan Uddin', '8a8b9800', '', '2005-2006', 'A', 'Active'),
(349, 2005331067, 'Sourav Kumar Ghosh', '01a8e0aa', '', '2005-2006', 'A', 'Active'),
(350, 2005331069, 'Joy Prakash', 'ed2d3130', '', '2005-2006', 'A', 'Active'),
(351, 2005331071, 'Shumaya Hay Chowdhury', '3e086768', '', '2005-2006', 'A', 'Active'),
(352, 2005331073, 'Md. Shariful Islam', '9069d05c', '', '2005-2006', 'A', 'Active'),
(353, 2005331075, 'Rakib Jahan Khan', 'a844f370', '', '2005-2006', 'A', 'Active'),
(354, 2005331077, 'Mohammed Hasanul Awal Maruf', '4fedbd81', '', '2005-2006', 'A', 'Active'),
(355, 2005331079, 'A. F. M. Jamal Uddin', '0fc69608', '', '2005-2006', 'A', 'Active'),
(356, 2005331081, 'Md. Shakat Hossain Tanvir', 'cff8c333', '', '2005-2006', 'A', 'Active'),
(357, 2005331083, 'Bappi Datta', '3bf7321c', '', '2005-2006', 'A', 'Active'),
(358, 2005331085, 'Dhapukor Majumdar', '7280f968', '', '2005-2006', 'A', 'Active'),
(359, 2005331087, 'Md. Obaydul Hoque', 'cbceb6ba', '', '2005-2006', 'A', 'Active'),
(360, 2005331089, 'S. M. Kajemul Hoque Kajem', 'c576e557', '', '2005-2006', 'A', 'Active'),
(361, 2005331091, 'Md. Shiful Islam', 'e38ddcef', '', '2005-2006', 'A', 'Active'),
(362, 2005331093, 'Md. Farhad Kabir', '8721313f', '', '2005-2006', 'A', 'Active'),
(363, 2005331095, 'Md. Shahanur Rahman', 'ae10f4e5', '', '2005-2006', 'A', 'Active'),
(364, 2005331097, 'Nazmus Sadat Tanmoy', 'd4afc69f', '', '2005-2006', 'A', 'Active'),
(365, 2005331002, 'Sadi Ul Huqq Sadi', 'b29dedf8', '', '2005-2006', 'B', 'Inactive'),
(366, 2005331004, 'Md. Mahmudul Haque', '43af006d', '', '2005-2006', 'B', 'Active'),
(367, 2005331006, 'Zahiruddin Ahmed Chisty', '94a8afd3', '', '2005-2006', 'B', 'Active'),
(368, 2005331008, 'Md. Hasibus Saquib', 'e2a0e7c8', '', '2005-2006', 'B', 'Active'),
(369, 2005331010, 'Md. Eamin Rahman', 'c31fa3b9', '', '2005-2006', 'B', 'Active'),
(370, 2005331012, 'Chinmoy Debnath', '49ab667e', '', '2005-2006', 'B', 'Active'),
(371, 2005331014, 'Zahidul Islam', '4499c709', '', '2005-2006', 'B', 'Active'),
(372, 2005331016, 'Mehafuz Mannan Rajon', '29307e93', '', '2005-2006', 'B', 'Active'),
(373, 2005331018, 'Md. Rafiquzzaman', '19494f19', '', '2006-2007', 'B', 'Active'),
(374, 2005331020, 'Nafisa Shams', 'edd02c6f', '', '2005-2006', 'B', 'Active'),
(375, 2005331022, 'Md. Saifur Rahman (Ad: Cancelled)', '87de15c7', '', '2005-2006', 'B', 'Active'),
(376, 2005331024, 'Md. Touhidul Islam', '2fa5a225', '', '2005-2006', 'B', 'Active'),
(377, 2005331026, 'Md. Sazedul Karim', 'ea1f8180', '', '2005-2006', 'B', 'Active'),
(378, 2005331028, 'Md. Faysal Kabir', '7d49593f', '', '2005-2006', 'B', 'Active'),
(379, 2005331030, 'Mithila Mishu', '8b893838', '', '2005-2006', 'B', 'Active'),
(380, 2005331032, 'Md. Nazmul Hosain', '34dc7292', '', '2005-2006', 'B', 'Active'),
(381, 2005331034, 'Md. Minhajul Haque Bhuiyan', '644e51bd', '', '2005-2006', 'B', 'Active'),
(382, 2005331036, 'Mousumi Islam', 'f540b74c', '', '2005-2006', 'B', 'Active'),
(383, 2005331038, 'Md. Sayed Hassan', 'a92f9554', '', '2005-2006', 'B', 'Inactive'),
(384, 2005331040, 'Nikson Kanti Paul', '0bae8b0d', '', '2005-2006', 'B', 'Active'),
(385, 2005331042, 'Md. Mizanur Rahman', '6c824493', '', '2005-2006', 'B', 'Active'),
(386, 2005331044, 'Taslima Kabir', 'b12ea95e', '', '2005-2006', 'B', 'Active'),
(387, 2005331046, 'Mahmudul Hassan', 'f2305166', '', '2005-2006', 'B', 'Active'),
(388, 2005331048, 'Md. Jakir Hossain', 'd204e251', '', '2005-2006', 'B', 'Active'),
(389, 2005331050, 'Tasriva Skandar', '57340210', '', '2005-2006', 'B', 'Active'),
(390, 2005331052, 'Md. Jahid Hasan', '792309ce', '', '2005-2006', 'B', 'Active'),
(391, 2005331054, 'Abdullah Sunny', 'fb9cef1f', '', '2005-2006', 'B', 'Active'),
(392, 2005331056, 'Md. Yeasin Hossain', 'bbf366c6', '', '2005-2006', 'B', 'Active'),
(393, 2005331058, 'Md. Ziauddin Tanvir', 'a3555fc6', '', '2005-2006', 'B', 'Active'),
(394, 2005331060, 'Sunjana Islam', 'd16c358c', '', '2005-2006', 'B', 'Active'),
(395, 2005331062, 'Farzana Easmin Hoque', '7967e448', '', '2005-2006', 'B', 'Active'),
(396, 2005331064, 'Anick Chowdhury', '6fc2962b', '', '2005-2006', 'B', 'Active'),
(397, 2005331066, 'R. P. Jarin', '097b2b85', '', '2005-2006', 'B', 'Active'),
(398, 2005331068, 'Rakib Ishrak', '4791f95a', '', '2005-2006', 'B', 'Active'),
(399, 2005331070, 'K. H. M. Burhan Uddin', '5bf8d4d0', '', '2005-2006', 'B', 'Active'),
(400, 2005331072, 'Md. Reazul Hoque', '8fe5ec2e', '', '2005-2006', 'B', 'Active'),
(401, 2005331074, 'Md. Shiful Islam', '6e11e973', '', '2006-2007', 'B', 'Active'),
(402, 2005331076, 'Subrina Sultana', '1f8e4f66', '', '2005-2006', 'B', 'Active'),
(403, 2005331078, 'Mst. Nasrin Jahan', '87bbb47a', '', '2005-2006', 'B', 'Active'),
(404, 2005331080, 'Muhammad Shiydur Rahman', 'ea7565a3', '', '2006-2007', 'B', 'Active'),
(405, 2005331082, 'Md. Abdus Salam', 'd3f7c6d3', '', '2005-2006', 'B', 'Active'),
(406, 2005331084, 'Md. Arif Mainuddin', 'ef99e2b0', '', '2005-2006', 'B', 'Active'),
(407, 2005331088, 'Roshon Ara', '638ac2b1', '', '2005-2006', 'B', 'Active'),
(408, 2005331090, 'Md. Ashikur Rahman', '2bcfe37e', '', '2005-2006', 'B', 'Active'),
(409, 2005331092, 'Tahrima Hoque', 'a9f4af4e', '', '2005-2006', 'B', 'Active'),
(410, 2005331094, 'Tasnim Sharmin Alin', '0eff5f75', '', '2005-2006', 'B', 'Active'),
(411, 2005331096, 'Md. Imran Hasan', 'b602590b', '', '2005-2006', 'B', 'Active'),
(412, 2005331098, 'Md. Hasib Hasan Tarfder', 'cd81444d', '', '2005-2006', 'B', 'Active'),
(413, 2005331099, 'Mohammad Wasiuzzaman Shoham', '6f8055ea', '', '2005-2006', 'B', 'Active'),
(414, 2005331100, 'Md. Tauseef Al Noor', '16565bc5', '', '2005-2006', 'B', 'Active'),
(415, 2005331102, 'Meisam Hasan Mahin', 'bb163186', '', '2005-2006', 'B', 'Active'),
(416, 2006331001, 'Mohammad Sazzadul Hoque', 'bcaf9203', '', '2006-2007', 'A', 'Active'),
(417, 2006331003, 'Bushra Ali', 'c355e733', '', '2006-2007', 'A', 'Inactive'),
(418, 2006331005, 'Farhannjamill', '1bc48fe4', '', '2006-2007', 'A', 'Inactive'),
(419, 2006331007, 'Md. Bulbul Islam', 'd63653bb', '', '2006-2007', 'A', 'Inactive'),
(420, 2006331009, 'Ashif Mohammad Iqbal', '345f2234', '', '2006-2007', 'A', 'Active'),
(421, 2006331011, 'Bijan Paul', '57ad8a8e', '', '2006-2007', 'A', 'Active'),
(422, 2006331013, 'Ashraful Imam Bhuiya', 'd57696d4', '', '2006-2007', 'A', 'Inactive'),
(423, 2006331015, 'Md. Ruhul Amin', '17134335', '', '2006-2007', 'A', 'Active'),
(424, 2006331017, 'Farjana Yeasmin Omee', 'bd7e7cf1', '', '2006-2007', 'A', 'Active'),
(425, 2006331019, 'Nadera Sultana Tany', 'be8e4fb7', '', '2006-2007', 'A', 'Active'),
(426, 2006331021, 'Anupam Deb', 'f063adda', '', '2006-2007', 'A', 'Active'),
(427, 2006331023, 'Sudeepta Biswas', 'b64a2281', '', '2006-2007', 'A', 'Active'),
(428, 2006331025, 'Md. Nafiul Alam', 'c832538f', '', '2006-2007', 'A', 'Active'),
(430, 2006331029, 'Farzana Hoque', '02e14ce4', '', '2006-2007', 'A', 'Active'),
(431, 2006331031, 'Fatema Mahbub', 'f6ed9078', '', '2006-2007', 'A', 'Active'),
(432, 2006331033, 'Tahlil Ahmed Chowdhury', '98ac37e0', '', '2006-2007', 'A', 'Active'),
(433, 2006331035, 'Parvej Ahmed Chowdhury', '7bcf68ab', '', '2006-2007', 'A', 'Active'),
(434, 2006331037, 'Shamima Nasrin', '1880f35e', '', '2006-2007', 'A', 'Active'),
(435, 2006331039, 'Any Acharjee', '56f05dd3', '', '2006-2007', 'A', 'Active'),
(436, 2006331041, 'A. M. S. Rezuan', '81a2bd27', '', '2007-2008', 'A', 'Active'),
(437, 2006331043, 'Md.Jahangir Alam', '59b5e5e1', '', '2006-2007', 'A', 'Active'),
(438, 2006331045, 'Israt Jahan', '638b40bb', '', '2006-2007', 'A', 'Active'),
(439, 2006331047, 'Minhaj Uddin Ahmed', 'be7d8ce7', '', '2008-2009', 'A', 'Active'),
(440, 2006331049, 'Samsoon Nahar Tarin', 'eef5364f', '', '2006-2007', 'A', 'Active'),
(441, 2006331051, 'Ayesha Akter', '727be709', '', '2006-2007', 'A', 'Active'),
(442, 2006331053, 'Md.Ibrahim', '5901eded', '', '2006-2007', 'A', 'Active'),
(443, 2006331055, 'Md. Mahedi Hasan', '991840c9', '', '2006-2007', 'A', 'Active'),
(444, 2006331057, 'Bokhtiar Mehedy', 'c5fd748c', '', '2006-2007', 'A', 'Active'),
(445, 2006331059, 'Asie Uzzaman', 'd1b5e6f1', '', '2007-2008', 'A', 'Active'),
(446, 2006331061, 'A.K.M. Fakhruddin Mahamud', '249b00a4', '', '2006-2007', 'A', 'Active'),
(447, 2006331063, 'S. M. Shaon', 'cccd733a', '', '2006-2007', 'A', 'Active'),
(448, 2006331065, 'Jannatul Ferdoushi Begum', 'c5d01bba', '', '2006-2007', 'A', 'Active'),
(449, 2006331067, 'A.F.M. Nazmus Sakib', 'c4bc6970', '', '2006-2007', 'A', 'Active'),
(450, 2006331069, 'Faisal Ahamed Khan', '7c6d0efa', '', '2006-2007', 'A', 'Active'),
(451, 2006331071, 'Avijit Dey', '05822daf', '', '2006-2007', 'A', 'Active'),
(452, 2006331073, 'Noor Mohammad', '3ac0a621', '', '2006-2007', 'A', 'Active'),
(453, 2006331075, 'Md. Saleh Imran', '2b74760f', '', '2006-2007', 'A', 'Active'),
(454, 2006331077, 'Md. Shiam Shabbir', '4975c231', '', '2006-2007', 'A', 'Active'),
(455, 2006331079, 'Md. Rashed Azad Chowdhury', '51d3335d', '', '2006-2007', 'A', 'Active'),
(456, 2006331081, 'Lucky Sutradhar', '0e1910a3', '', '2006-2007', 'A', 'Active'),
(457, 2006331083, 'Uzzal Khan', '8f20b292', '', '2006-2007', 'A', 'Active'),
(458, 2006331085, 'Abu Jubair Panir', '62a02da2', '', '2006-2007', 'A', 'Active'),
(459, 2006331087, 'Md. Jashim Uddin', '72f6eb08', '', '2006-2007', 'A', 'Active'),
(460, 2006331089, 'Supran Jowti Dasgupta', '7319fcd3', '', '2006-2007', 'A', 'Active'),
(461, 2006331091, 'Md. Liton Miah', '32b628f2', '', '2006-2007', 'A', 'Active'),
(462, 2006331093, 'Abdullah Al Hasib', 'fcdea535', '', '2006-2007', 'A', 'Active'),
(463, 2006331095, 'Rahnuma Nurain Islam', 'bf8cdae0', '', '2006-2007', 'A', 'Active'),
(464, 2006331097, 'Md. Riyad Bin Zaman', '6000ed33', '', '2006-2007', 'A', 'Active'),
(465, 2006331099, 'Sushanta Shekhor Das', '1e391b21', '', '2006-2007', 'A', 'Active'),
(466, 2006331101, 'Aditi Roy', '205189dc', '', '2006-2007', 'A', 'Active'),
(467, 2006331103, 'Md. Saiful Islam', '829dcca3', '', '2006-2007', 'A', 'Active'),
(468, 2006331105, 'Ahmad Shabibul Hossain', '46385fd6', '', '2006-2007', 'A', 'Active'),
(469, 2006331002, 'Naima Ahmed Fahmi', '74095741', '', '2006-2007', 'B', 'Active'),
(470, 2006331004, 'Sheikh Nabil Mohammad', 'e2c503b1', '', '2006-2007', 'B', 'Active'),
(471, 2006331006, 'Sutapa Talukdar', '53eb81fb', '', '2006-2007', 'B', 'Inactive'),
(472, 2006331008, 'Sharif Abdullah Rifat', 'ca3f4593', '', '2006-2007', 'B', 'Active'),
(473, 2006331010, 'Nondini Das Misti', '9ab05180', '', '2006-2007', 'B', 'Active'),
(474, 2006331012, 'Sujan Ray', '3d848fed', '', '2006-2007', 'B', 'Active'),
(475, 2006331014, 'Marjia Chowdhury', '3b7a41a2', '', '2006-2007', 'B', 'Active'),
(476, 2006331016, 'Prodip Sarkar', 'fbbe45e1', '', '2006-2007', 'B', 'Active'),
(477, 2006331018, 'Syeda Tamanna Rahman', 'c8644bc6', '', '2006-2007', 'B', 'Active'),
(478, 2006331020, 'Istiaque Ahmed', 'bb3dcbc9', '', '2006-2007', 'B', 'Active'),
(479, 2006331022, 'Luscious Larry Das', '113f8ee6', '', '2006-2007', 'B', 'Active'),
(480, 2006331024, 'Dibya Jyoti Pramanik', '24532fdf', '', '2006-2007', 'B', 'Active'),
(481, 2006331026, 'Kazi Abu Sayed', 'e4383e09', '', '2006-2007', 'B', 'Active'),
(482, 2006331028, 'Shyantika Halder', '9499aea9', '', '2006-2007', 'B', 'Inactive'),
(483, 2006331030, 'Sourav Bhattacharjee', '7bcdd586', '', '2006-2007', 'B', 'Active'),
(484, 2006331032, 'Shah-Md.Muktedir-Ul-Alim', '21299925', '', '2006-2007', 'B', 'Active'),
(485, 2006331034, 'Md. Sohel Ahmed', 'a57d5259', '', '2006-2007', 'B', 'Active'),
(486, 2006331036, 'Robel Sharma', 'c08bd8ce', '', '2006-2007', 'B', 'Active'),
(487, 2006331038, 'Aminul Islam', '7bbd9b3b', '', '2007-2008', 'A', 'Active'),
(488, 2006331040, 'Md. Asif Rahaman', '2bd1f657', '', '2006-2007', 'B', 'Active'),
(489, 2006331042, 'Mohammed Sabbir', 'ade4d9f9', '', '2006-2007', 'B', 'Active'),
(490, 2006331044, 'Raihan Jakaria', 'ea52b3e0', '', '2006-2007', 'B', 'Active'),
(491, 2006331046, 'Md. Ershadur Rahman Tdr', '1b38717b', '', '2006-2007', 'B', 'Active'),
(492, 2006331048, 'S. M. Nusayer Hassan', 'a9af29cc', '', '2006-2007', 'B', 'Active'),
(493, 2006331050, 'S. M. Shahinul Islam', 'd2a23746', '', '2006-2007', 'B', 'Active'),
(494, 2006331052, 'Abir Chowdhury', '85a9c523', '', '2006-2007', 'B', 'Active'),
(495, 2006331054, 'Md.Shamir Adnan Omy', '3a947098', '', '2006-2007', 'B', 'Active'),
(496, 2006331056, 'Arnab Kaiyum Talukder', 'feb73359', '', '2006-2007', 'B', 'Active'),
(497, 2006331058, 'Md.Abu Rayhan', '76a050ea', '', '2006-2007', 'B', 'Active'),
(498, 2006331060, 'Asish Pal', '30f0d3bc', '', '2007-2008', 'A', 'Active'),
(499, 2006331062, 'Syeda Rosana Sultana', '7ecd5970', '', '2006-2007', 'B', 'Active'),
(500, 2006331064, 'Kazi Tanveer Uddin', '73b9333d', '', '2006-2007', 'B', 'Active'),
(501, 2006331066, 'Nadia Akbar Tumpa', '5181466b', '', '2006-2007', 'B', 'Active'),
(502, 2006331070, 'Md. Saifur Rahman', '2458e9e6', '', '2006-2007', 'B', 'Active'),
(503, 2006331072, 'Jobair Hossen Shoman', '67d982dd', '', '2006-2007', 'B', 'Active'),
(504, 2006331074, 'A. K. M. Tufazzul', 'bff52a2f', '', '2006-2007', 'B', 'Active'),
(505, 2006331076, 'Monojit Goon', '5cd6511f', '', '2006-2007', 'B', 'Active'),
(506, 2006331078, 'Rubana Tasmin Tithi', 'f06ed76c', '', '2006-2007', 'B', 'Active'),
(507, 2006331080, 'Shaira Hosne Afroz Chaity', 'd117d477', '', '2006-2007', 'B', 'Active'),
(508, 2006331082, 'Sanjoy Kumer Deb', 'bb86e7dd', '', '2006-2007', 'B', 'Active'),
(509, 2006331084, 'Md. Ashfaquzzaman', 'dd32dabc', '', '2006-2007', 'B', 'Active'),
(510, 2006331086, 'Md Nazmul Alam', '889540f2', '', '2006-2007', 'B', 'Active'),
(511, 2006331088, 'Asish Ghosh', '643f2b73', '', '2006-2007', 'B', 'Active'),
(512, 2006331090, 'Shahinoor Shahin', '239b7644', '', '2006-2007', 'B', 'Active'),
(513, 2006331092, 'Raman Karmakar', 'adb68f9d', '', '2006-2007', 'B', 'Active'),
(514, 2006331094, 'Asif Mahmud', '3bec0fa6', '', '2006-2007', 'B', 'Active'),
(515, 2006331096, 'Imran Zahid', '81eb214b', '', '2006-2007', 'B', 'Active'),
(516, 2006331098, 'Pulak Roy', '03e84675', '', '2007-2008', 'A', 'Active'),
(517, 2006331100, 'Nisa Binta Kabir', '6775aa28', '', '2006-2007', 'B', 'Active'),
(518, 2006331102, 'Shompa Ghosh', 'bd504d20', '', '2006-2007', 'B', 'Active'),
(519, 2006331104, 'Lucky Rani Dey', '3e9ccca5', '', '2006-2007', 'B', 'Active'),
(520, 2006331106, 'Joy Dip Sen', '8843fb56', '', '2006-2007', 'B', 'Inactive'),
(521, 2007331001, 'Md. Zulfiker Ali', '513a1ca3', '', '2007-2008', 'A', 'Active'),
(522, 2007331002, 'Md Saad Salehin', '2a84edc7', '', '2007-2008', 'A', 'Active'),
(523, 2007331003, 'Chandan Howlader', '9425194e', '', '2007-2008', 'A', 'Active'),
(524, 2007331004, 'Saurav Kumar Saha', '5829a730', '', '2007-2008', 'A', 'Active'),
(525, 2007331005, 'Asif Mohammed Samir', '68353a20', '', '2007-2008', 'A', 'Active'),
(526, 2007331006, 'Md. Maksud Hossain', 'b091caff', '', '2007-2008', 'A', 'Active'),
(527, 2007331007, 'Arun Krisno Pal', '7fc8ee8a', '', '2008-2009', 'A', 'Active'),
(528, 2007331008, 'Marium- E- Jannat', 'd611de66', '', '2007-2008', 'A', 'Active'),
(529, 2007331009, 'Sayma Sultana Chowdhury', 'f40760cd', '', '2007-2008', 'A', 'Active'),
(530, 2007331010, 'Zayeed Ahmed Chowdhury', '7a3d1e60', '', '2007-2008', 'A', 'Active'),
(531, 2007331011, 'Arafat Rahman', 'fa4621ac', '', '2007-2008', 'A', 'Active'),
(532, 2007331012, 'Fouzia Sultana', '1f666793', '', '2007-2008', 'A', 'Active'),
(533, 2007331014, 'Md Mahmudur Rahman', '40ce1eb1', '', '2007-2008', 'A', 'Active'),
(534, 2007331016, 'Tasnim Ahmed', 'd4f07dbb', '', '2007-2008', 'A', 'Active'),
(535, 2007331017, 'Baker Mohammad Anas', 'a03aa0a1', '', '2007-2008', 'A', 'Active'),
(536, 2007331018, 'Dipankar Roy', '58f59251', '', '2007-2008', 'A', 'Active'),
(537, 2007331019, 'Sumit Chakrabarty', '76118833', '', '2007-2008', 'A', 'Active'),
(538, 2007331021, 'Madhusodan Chakraborty', 'fe448053', '', '2007-2008', 'A', 'Active'),
(539, 2007331022, 'Fahad Ahmed', 'a0234711', '', '2007-2008', 'A', 'Active'),
(540, 2007331023, 'Md. Shahadat Hossain', 'a8dc72e1', '', '2007-2008', 'A', 'Active'),
(541, 2007331024, 'Md. Mahfuzur Rahaman', '388c658c', '', '2007-2008', 'A', 'Active'),
(542, 2007331026, 'Tanvir Hossain Khan', '58830643', '', '2007-2008', 'A', 'Active'),
(543, 2007331027, 'Bhaskar Chowdhury Porag', '64e45500', '', '2007-2008', 'A', 'Active'),
(544, 2007331028, 'Y.M.Rezwanul Mannaf', '2498656a', '', '2007-2008', 'A', 'Active'),
(545, 2007331030, 'Rezwan-Ul-Haque', 'cc58ca28', '', '2007-2008', 'A', 'Active'),
(546, 2007331031, 'Md Asaduzzaman Khan', 'e4d91e43', '', '2007-2008', 'A', 'Active'),
(547, 2007331032, 'Shibbir Ahmed', '8e4001a1', '', '2007-2008', 'A', 'Active'),
(548, 2007331033, 'Premangshu Biswas', '378b0848', '', '2007-2008', 'A', 'Active'),
(549, 2007331034, 'Touhidul Islam Mannan', '63ece6a5', '', '2007-2008', 'A', 'Active'),
(550, 2007331035, 'Md. Rezaur Rahman', '5e39f25f', '', '2007-2008', 'A', 'Active'),
(551, 2007331036, 'S. M. Nowshadur Rahaman', '827412fe', '', '2007-2008', 'A', 'Active'),
(552, 2007331038, 'Md. Al-Amin Sarker', '2557d755', '', '2007-2008', 'A', 'Active'),
(553, 2007331039, 'Md. Mokarrom Hossain', '65faba2f', '', '2007-2008', 'A', 'Active'),
(554, 2007331040, 'Md. Rajibur Rahman Raju', '175b4d7f', '', '2007-2008', 'A', 'Active'),
(555, 2007331042, 'Mohammad Emdadul Hoque', 'db385ea9', '', '2007-2008', 'A', 'Active'),
(556, 2007331043, 'Md. Nazmul Hossain', 'f8437b36', '', '2007-2008', 'A', 'Active'),
(557, 2007331044, 'Md. Zafar Ullah', '6f80e2fe', '', '2007-2008', 'A', 'Active'),
(558, 2007331045, 'Tasnim Haider Chaudhury', '5d25061d', '', '2007-2008', 'A', 'Active'),
(559, 2007331046, 'Sakib Mohammed Shamim', '48e45dae', '', '2007-2008', 'A', 'Active'),
(560, 2007331047, 'Md. Nazmul Alam', 'e644db63', '', '2008-2009', 'A', 'Active'),
(561, 2007331048, 'Md. Asif Amin', 'cd4446b8', '', '2007-2008', 'A', 'Active'),
(562, 2007331050, 'Pinku Chandra Roy', 'aaaa49ce', '', '2008-2009', 'A', 'Active'),
(563, 2007331052, 'Forhad Ahmed', '2c724e76', '', '2007-2008', 'A', 'Active'),
(564, 2007331053, 'Asif Iqbal Sonet', 'c2cef043', '', '2007-2008', 'A', 'Active'),
(565, 2007331054, 'Roknuzzaman', '42f9ae01', '', '2007-2008', 'A', 'Active'),
(566, 2007331055, 'Md. Bokhtiar Rahman Rana', 'e92d8f39', '', '2007-2008', 'A', 'Active'),
(567, 2007331056, 'Shoeab Ahmed', '83ef5bbf', '', '2007-2008', 'A', 'Active'),
(568, 2007331057, 'Munira Akther', '7b4adc7b', '', '2007-2008', 'A', 'Active'),
(569, 2007331058, 'Omar Faruk Miah', '9b13a116', '', '2007-2008', 'A', 'Active'),
(570, 2007331059, 'Ashfak Ahmed', 'a916eb6d', '', '2007-2008', 'A', 'Active'),
(571, 2007331060, 'Dipon Roy', '41f2cd95', '', '2007-2008', 'A', 'Active'),
(572, 2007331061, 'Dhamendra Dubey', '68df82e5', '', '2007-2008', 'A', 'Active'),
(573, 2007331062, 'Ram Kishor Patel', '60476157', '', '2007-2008', 'A', 'Active'),
(574, 2004331014, 'smrity', 'af2ebfd2', '', '2005-2006', 'A', 'Active'),
(575, 2005331101, 'dinesh', '5dda9e6c', '', '2005-2006', 'A', 'Active'),
(576, 2006331107, 'Bindeshwar', '52c6f5fc', '', '2006-2007', 'A', 'Active'),
(577, 2008331066, 'Md. Tuhin Ahmed', 'd6ef0777', '', '2009-2010', 'A', 'Active'),
(578, 2009331001, 'Syed Shahriar Manjur', 'b134732d', '', '2009-2010', 'A', 'Active'),
(579, 2009331002, 'Anisur Rahaman Sakib', 'd237fc1c', '', '2009-2010', 'A', 'Active'),
(580, 2009331003, 'Saiful Islam', '05c2ac65', '', '2009-2010', 'A', 'Active'),
(581, 2009331004, 'Safat Siddiqui', 'ea481ade', '', '2009-2010', 'A', 'Active'),
(582, 2009331005, 'Md. Asadur Rahman', '96eb3742', '', '2009-2010', 'A', 'Active'),
(583, 2009331006, 'Imtiaz Shakit Siddique', '29e405a8', '', '2009-2010', 'A', 'Active'),
(584, 2009331007, 'Md. Shohel Rana', '9d4f5dd0', '', '2009-2010', 'A', 'Active'),
(585, 2009331008, 'Rajib Chandra Das', 'b84646f2', '1', '2009-2010', 'A', 'Active'),
(586, 2009331009, 'Mohammad Istiyak Hossain', 'e2c9c87c', '', '2009-2010', 'A', 'Active'),
(587, 2009331010, 'Rabbyuzzaman Khan', '2e0c484a', '', '2009-2010', 'A', 'Active'),
(588, 2009331011, 'Md. Ruhul Amin', '8c93869c', '', '2009-2010', 'A', 'Active'),
(589, 2009331012, 'Md. Rashedul Hasan Safa', '829434da', '', '2009-2010', 'A', 'Active'),
(590, 2009331013, 'Priyam Pritim Paul', '1d2e3d9a', '', '2009-2010', 'A', 'Active'),
(591, 2009331014, 'Md. Akther Hossen Roni', '9f20d57e', '', '2009-2010', 'A', 'Active'),
(592, 2009331015, 'Ahsanul Kabir', '38b1865c', '', '2009-2010', 'A', 'Active'),
(593, 2009331016, 'Tanveer Ahmed', 'd2914e2a', '', '2009-2010', 'A', 'Active'),
(594, 2009331017, 'Farida Yeasmin Riva', 'cbb52f1e', '', '2009-2010', 'A', 'Active'),
(595, 2009331018, 'Khondaker Rifat-E- Rahman', 'f790f4a9', '', '2009-2010', 'A', 'Active'),
(596, 2009331019, 'Sanzida Yeasmin', '3a96026e', '', '2009-2010', 'A', 'Active'),
(597, 2009331020, 'Md. Munif Hasan', '20254330', '', '2009-2010', 'A', 'Active'),
(598, 2009331021, 'Abhishek Chakraborty', '2ea28d91', '', '2009-2010', 'A', 'Active'),
(599, 2009331022, 'Abdullah Al Mamun', '4a4af013', '', '2009-2010', 'A', 'Active'),
(600, 2009331023, 'Babul Mia', '9566a9e2', '', '2009-2010', 'A', 'Active'),
(601, 2009331024, 'Aynun Nisha', '1fe385ad', '', '2009-2010', 'A', 'Active'),
(602, 2009331025, 'A. B. M. Saifuzzaman', 'f9e70394', '', '2009-2010', 'A', 'Active'),
(603, 2009331026, 'Shakin Ul Alam', '747f2d64', '', '2009-2010', 'A', 'Active'),
(604, 2009331027, 'Sarah Arfeen', '53b99be9', '', '2009-2010', 'A', 'Active'),
(605, 2009331029, 'Md. Ariful Islam', '0385344f', '', '2009-2010', 'A', 'Active'),
(606, 2009331030, 'Md. Asfaq Sufian', 'df6aa581', '', '2009-2010', 'A', 'Active'),
(607, 2009331031, 'Md. Afzal Hossain Bhuiyan', '6d89974c', '', '2009-2010', 'A', 'Active'),
(608, 2009331032, 'Labannya Prova Saha', '01246e4e', '', '2009-2010', 'A', 'Active'),
(609, 2009331033, 'Rakib Ansary Saikot', 'a47df89e', '', '2009-2010', 'A', 'Active'),
(610, 2009331034, 'Biswapriyo Chakrabarty', '0a9d8ce8', '', '2009-2010', 'A', 'Active'),
(611, 2009331035, 'Shah Mohammad Mostakim', '2cd86e67', '', '2009-2010', 'A', 'Active'),
(612, 2009331036, 'Abdullah Al Sanam', 'd7b319e0', '', '2009-2010', 'A', 'Active');
INSERT INTO `student` (`id`, `reg_no`, `name`, `password`, `image_id`, `session`, `section`, `status`) VALUES
(613, 2009331037, 'Mondol Md. Atiqul Haque', 'c5b31d12', '', '2009-2010', 'A', 'Active'),
(614, 2009331038, 'Rajesh Baidya', '3eaba970', '', '2009-2010', 'A', 'Active'),
(615, 2009331039, 'Md. Hassanur Rakib', 'af7fda5f', '', '2009-2010', 'A', 'Active'),
(616, 2009331040, 'Muhammad Akhter Hossen Roni', '21aadc1f', '', '2010-2011', 'A', 'Active'),
(617, 2009331041, 'Md. Ayakuth Pathan', '92db766c', '', '2009-2010', 'A', 'Active'),
(618, 2009331042, 'Nafis Ahmed', 'bd24e218', '', '2009-2010', 'A', 'Active'),
(619, 2009331043, 'Noushad Sojib', '00999738', '', '2009-2010', 'A', 'Active'),
(620, 2009331044, 'Noor Mohammad Nadim Hossain', 'bb5e89b6', '', '2009-2010', 'A', 'Active'),
(621, 2009331045, 'Monir Mia', 'aeb16fc0', '', '2009-2010', 'A', 'Active'),
(622, 2009331046, 'Jafor Ahmed', '08857966', '', '2009-2010', 'A', 'Active'),
(623, 2009331047, 'Md. Ashrafudduha Pappu', 'd35b38f6', '', '2009-2010', 'A', 'Active'),
(624, 2009331048, 'Khan Salman Habib', '88fda8bc', '', '2009-2010', 'A', 'Active'),
(625, 2009331049, 'Siham Sharif', 'e890c7b0', '', '2009-2010', 'A', 'Active'),
(626, 2009331050, 'Md. Shafiqul Islam', '6fce01b2', '', '2009-2010', 'A', 'Active'),
(627, 2009331051, 'Umme Kulsum', '5e7881cc', '', '2009-2010', 'A', 'Active'),
(628, 2009331052, 'Omit Chanda', '4990fcb1', '', '2009-2010', 'A', 'Active'),
(629, 2009331053, 'M. M. Mahmudul Hasan', 'f3e1fa89', '', '2009-2010', 'A', 'Active'),
(630, 2009331054, 'Md. Jumman Hossain', '765dcd2b', '', '2009-2010', 'A', 'Active'),
(631, 2009331055, 'Tamim Anwar Chowdhury', '7db5cb69', '', '2009-2010', 'A', 'Active'),
(632, 2009331056, 'Jnananjan Roy', '17b10b08', '', '2009-2010', 'A', 'Active'),
(633, 2009331057, 'Md. Abdullah Al Noman', '6e076f74', '', '2009-2010', 'A', 'Active'),
(634, 2009331058, 'Md. Shafikul Islam', '102d57bb', '', '2009-2010', 'A', 'Active'),
(635, 2009331059, 'Raisa Islam', 'be8ac5e9', '', '2009-2010', 'A', 'Active'),
(636, 2009331060, 'Mohammad Minhaz Alam', '6c9e5189', '', '2009-2010', 'A', 'Inactive'),
(637, 2009331061, 'Sayma Sultana', '13c05f2f', '', '2009-2010', 'A', 'Active'),
(638, 2009331062, 'Mehedi Hasan', 'ed0400d4', '', '2009-2010', 'A', 'Active'),
(639, 2009331063, 'Labiba Jahan', '1a8c7aa9', '', '2009-2010', 'A', 'Active'),
(640, 2008331001, 'Md. Mohibul Hasan', '34593941', '', '2008-2009', 'A', 'Active'),
(641, 2008331002, 'Eaiman Shoshi', 'd23d29c9', '', '2008-2009', 'A', 'Active'),
(642, 2008331003, 'Md. Arifuzzaman Sohel', 'aef345b7', '', '2008-2009', 'A', 'Active'),
(643, 2008331004, 'Ahmed-Bin-Zaman', 'db37ccad', '', '2008-2009', 'A', 'Active'),
(644, 2008331005, 'Md. Aminul Islam Bhuiyan', '77983fcf', '', '2008-2009', 'A', 'Active'),
(645, 2008331006, 'Syed Rezwanul Haque', '1750d65b', '', '2008-2009', 'A', 'Active'),
(646, 2008331007, 'Arafat Habib Quraishi', '20f248b4', '', '2008-2009', 'A', 'Active'),
(647, 2008331008, 'Md. Mohiuddin Bhuiyan', '6cbad2b8', '', '2008-2009', 'A', 'Active'),
(648, 2008331009, 'Rahat Mahmood', '78287f4a', '', '2008-2009', 'A', 'Active'),
(649, 2008331010, 'Adina Sarawat', '712abd8e', '', '2008-2009', 'A', 'Active'),
(650, 2008331011, 'Gulam Kibria Limon', '2b8bfd34', '', '2008-2009', 'A', 'Active'),
(651, 2008331012, 'Md. Fahim Rahman', 'a8b9ce21', '', '2008-2009', 'A', 'Active'),
(652, 2008331014, 'Md. Rashedul Hassan', '1dbdfa76', '', '2008-2009', 'A', 'Active'),
(653, 2008331015, 'Tirhongkor Das Bapon', '807a2e24', '', '2008-2009', 'A', 'Active'),
(654, 2008331016, 'Bibash Kar', '64d7132c', '', '2008-2009', 'A', 'Active'),
(655, 2008331017, 'Sumaya Alam', '0b0d7e4a', '', '2008-2009', 'A', 'Active'),
(656, 2008331018, 'Md. Nazmul Hoq', '9d782208', '', '2008-2009', 'A', 'Active'),
(657, 2008331019, 'Md. Atequr Rahman', 'b7073a84', '', '2008-2009', 'A', 'Active'),
(658, 2008331021, 'Syed Rakib Rahman', '0ddb7b68', '', '2008-2009', 'A', 'Active'),
(659, 2008331022, 'A. H. M. Shahriar Alam', '5a1f80f0', '', '2008-2009', 'A', 'Active'),
(660, 2008331024, 'Ahmad Jamaly Rabib', 'ec53bec9', '', '2008-2009', 'A', 'Active'),
(661, 2008331025, 'Mohammed Imdadul Huq Sarker', '6c2f5f2c', '', '2008-2009', 'A', 'Active'),
(662, 2008331026, 'Dipayan Banik', '7970bf64', '', '2008-2009', 'A', 'Active'),
(663, 2008331027, 'Md. Fahim Hossain', '77de04ba', '', '2008-2009', 'A', 'Active'),
(664, 2008331028, 'Zafar Ahmad', 'c16d03bf', '', '2008-2009', 'A', 'Active'),
(665, 2008331029, 'Md. Golam Rabbi', '53cf2de2', '', '2008-2009', 'A', 'Active'),
(666, 2008331030, 'Sudipta Kar', '445d6d5a', '', '2008-2009', 'A', 'Active'),
(667, 2008331031, 'Md. Washir Rahman', 'ea17b86f', '', '2008-2009', 'A', 'Active'),
(668, 2008331032, 'Md. Abdur Rahman Sazzad', '9b3db65a', '', '2008-2009', 'A', 'Active'),
(669, 2008331033, 'Muhammad Farhan Nasim', '4b7bdfcd', '', '2008-2009', 'A', 'Active'),
(670, 2008331034, 'Md. Mozammel Haque', '315a789d', '', '2008-2009', 'A', 'Active'),
(671, 2008331035, 'A. H. M. Nazmul Hasan Monshi', 'ad355d38', '', '2008-2009', 'A', 'Active'),
(672, 2008331038, 'Sujit Sarker', '486d9439', '', '2008-2009', 'A', 'Active'),
(673, 2008331039, 'Md. Shaiful Islam', 'c42ba7ab', '', '2008-2009', 'A', 'Active'),
(674, 2008331040, 'Tamalica Mitra', '98799f56', '', '2008-2009', 'A', 'Active'),
(675, 2008331041, 'Salman M. Wahid', 'd04dc90f', '', '2008-2009', 'A', 'Active'),
(676, 2008331042, 'Diptopol Dam', '3505611f', '', '2008-2009', 'A', 'Active'),
(677, 2008331044, 'Md. Walid-Al-Naim', '29e14bde', '', '2008-2009', 'A', 'Active'),
(678, 2008331045, 'Partho Protim Ghosh', 'e56b9b0a', '', '2008-2009', 'A', 'Active'),
(679, 2008331046, 'A. K. M. Nazmul Hassan', '6a224621', '', '2008-2009', 'A', 'Active'),
(680, 2008331047, 'Shamiul Hoque Ovi', '52035bfd', '', '2008-2009', 'A', 'Active'),
(681, 2008331048, 'Tanveer Ahmed', '69aaf0cb', '', '2008-2009', 'A', 'Active'),
(682, 2008331049, 'Ripon Biswas', '007ef710', '', '2008-2009', 'A', 'Active'),
(683, 2008331050, 'Taskin Khaleque', 'f53a4ed2', '', '2008-2009', 'A', 'Active'),
(684, 2008331051, 'Urmila Roy', '4634d1e9', '', '2008-2009', 'A', 'Active'),
(685, 2008331052, 'Chaity Dey', 'a7d3203d', '', '2008-2009', 'A', 'Active'),
(686, 2008331054, 'Abdul Kaium Khan', 'b43cda69', '', '2008-2009', 'A', 'Active'),
(687, 2008331055, 'Partho Biswas', 'c3097bb9', '', '2008-2009', 'A', 'Active'),
(688, 2008331056, 'Tofael Ahmed', '085038fa', '', '2008-2009', 'A', 'Active'),
(689, 2008331057, 'Sidratul Muntaha Choudhury', '64ac3b98', '', '2008-2009', 'A', 'Active'),
(690, 2008331058, 'H. M. Mohiuddin', 'e76b89a4', '', '2008-2009', 'A', 'Active'),
(691, 2008331059, 'Israt Tazin Ahsan', 'bc009e99', '', '2008-2009', 'A', 'Active'),
(692, 2008331060, 'Md. Mahfuzur Rahman', 'cbc6a083', '', '2008-2009', 'A', 'Active'),
(693, 2008331061, 'Khushbu Kumar Sarraf', 'bc780242', '', '2008-2009', 'A', 'Active'),
(694, 2008331062, 'Md. Abdullah Al- Mamun', '56dac02c', '', '2008-2009', 'A', 'Active'),
(695, 2008331063, 'Md. Parvez Ashraf Miazi', '0e4ea003', '', '2008-2009', 'A', 'Active'),
(696, 2008331064, 'Chinmoy Sarker', '261f4d73', '', '2008-2009', 'A', 'Active'),
(697, 2008331065, 'Humayun Ahmed', 'a0c6ba9a', '', '2008-2009', 'A', 'Active'),
(698, 2008331067, 'Roshan Thakur', '0079abee', '', '2008-2009', 'A', 'Active'),
(703, 2005331103, 'Test', '3e195579', '', '2005-2006', 'A', 'Active'),
(705, 2010331001, 'Tapashee Tabassum Urmi', '164c6e5e', '', '2010-2011', 'A', 'Active'),
(706, 2010331002, 'Khaled Hasan Sazzad', '2ae2f3c1', '', '2010-2011', 'A', 'Active'),
(707, 2010331003, 'Soumik Kumar Saha', 'e61d4432', '', '2010-2011', 'A', 'Active'),
(708, 2010331005, 'Mustafa Mahmud', 'fee3fbd5', '', '2010-2011', 'A', 'Active'),
(709, 2010331006, 'Adnan Ahmed', '6ccf9048', '', '2010-2011', 'A', 'Active'),
(710, 2010331008, 'Nakul Chandra Saha', '2b64bdbb', '', '2010-2011', 'A', 'Active'),
(711, 2010331009, 'Mohammad Mostakim Ornob', '660237e1', '', '2010-2011', 'A', 'Active'),
(712, 2010331010, 'Md. Golam Murtoza', 'bfce0e19', '', '2010-2011', 'A', 'Active'),
(713, 2010331011, 'Shantanu Mandal', 'e24a67e4', '', '2010-2011', 'A', 'Active'),
(714, 2010331012, 'Md. Rejaul Karim', '3527c2f8', '', '2010-2011', 'A', 'Active'),
(715, 2010331013, 'Anindya Pandit', '96116661', '', '2010-2011', 'A', 'Active'),
(716, 2010331015, 'Rishmita Tasmim', '313df176', '', '2010-2011', 'A', 'Active'),
(717, 2010331016, 'Abu Shahriar Ratul', '6063738a', '', '2010-2011', 'A', 'Active'),
(718, 2010331017, 'Moktahid-Al-Faisal', 'bc479a24', '', '2010-2011', 'A', 'Active'),
(719, 2010331018, 'Ahnaf Farhan', '28df28f1', '', '2010-2011', 'A', 'Active'),
(720, 2010331020, 'Yousuf Ratul', '97a75d2f', '', '2010-2011', 'A', 'Active'),
(721, 2010331021, 'Abdullah Al Maruf', '6777671a', '', '2010-2011', 'A', 'Active'),
(722, 2010331022, 'Prapti Das', 'b1388d59', '', '2010-2011', 'A', 'Active'),
(723, 2010331024, 'Aqib Ashef', '180b277f', '', '2010-2011', 'A', 'Active'),
(724, 2010331025, 'Md. Saimon Islam', '8f921d50', '', '2010-2011', 'A', 'Active'),
(725, 2010331026, 'K. M. Sajjadul Islam', 'aee0380b', '', '2010-2011', 'A', 'Active'),
(726, 2010331027, 'Tazbeea Tazakka', '334da53b', '', '2010-2011', 'A', 'Active'),
(727, 2010331029, 'Mohammad Raisul Islam', '6b1f2ca8', '', '2010-2011', 'A', 'Active'),
(728, 2010331030, 'Jagoth Jyoti Dey', '5c1d9fb2', '', '2010-2011', 'A', 'Active'),
(729, 2010331031, 'S. M. Ariful Islam', 'ab655560', '', '2010-2011', 'A', 'Active'),
(730, 2010331032, 'Jishnu Banerjee', '9dfc5f36', '', '2010-2011', 'A', 'Active'),
(731, 2010331033, 'Md. Fazle Rabby', '40c023be', '', '2010-2011', 'A', 'Active'),
(732, 2010331034, 'Md. Asifuzzaman', '059a9f57', '', '2010-2011', 'A', 'Active'),
(733, 2010331035, 'Mohammad Ashraful Islam', '18fe71fc', '', '2010-2011', 'A', 'Active'),
(734, 2010331036, 'Dewan Mahmud Raihan', 'd1c555d4', '', '2010-2011', 'A', 'Active'),
(735, 2010331037, 'Md. Fahad Hasan', '53cab8fa', '', '2010-2011', 'A', 'Active'),
(736, 2010331038, 'Md. Sazedul Islam', '4fd06477', '', '2010-2011', 'A', 'Active'),
(737, 2010331039, 'Tasmin Afroz', '97744ff0', '', '2010-2011', 'A', 'Active'),
(738, 2010331040, 'Tamjid Ahmed', '9eac2113', '', '2010-2011', 'A', 'Active'),
(739, 2010331042, 'Aamira Shabnam', '7d26aa4a', '', '2010-2011', 'A', 'Active'),
(740, 2010331043, 'Md. Hasan Mahmud', '50a3199e', '', '2010-2011', 'A', 'Active'),
(741, 2010331044, 'Md. Mahadi Hasan Nahid', '25236cd7', '', '2010-2011', 'A', 'Active'),
(742, 2010331045, 'Watina Malek', '5e165274', '', '2010-2011', 'A', 'Active'),
(743, 2010331046, 'Foysal Ahmed Emon', '22f2cd21', '9', '2010-2011', 'A', 'Active'),
(744, 2010331047, 'Md. Ashiqul Islam', 'a54ec359', '', '2010-2011', 'A', 'Active'),
(745, 2010331051, 'Hamza Reza Pavel', 'dbf5eb7d', '', '2010-2011', 'A', 'Active'),
(746, 2010331053, 'Raabit Hasan', 'ac51623b', '', '2010-2011', 'A', 'Active'),
(747, 2010331055, 'Md. Mustafizur Shakil', 'ad44fa98', '', '2010-2011', 'A', 'Active'),
(748, 2010331056, 'Fahim Quadrey', '5aa91573', '', '2010-2011', 'A', 'Active'),
(749, 2010331057, 'Ashraful Islam Prium', '4f743035', '', '2010-2011', 'A', 'Active'),
(750, 2010331059, 'Nipun Mitra', 'f5d4e8ec', '', '2010-2011', 'A', 'Active'),
(751, 2010331060, 'Mst. Jasmine Jahan', '42cdba56', '', '2010-2011', 'A', 'Active'),
(752, 2010331062, 'Angclo Chakma', 'c150af06', '', '2010-2011', 'A', 'Active'),
(753, 2010331063, 'Md. Nazmul Hasan', '74b304f7', '', '2010-2011', 'A', 'Active'),
(754, 2010331064, 'Nayem Mahedi', 'ba881be1', '', '2010-2011', 'A', 'Active'),
(755, 2010331065, 'Majharul Islam Midhat', '731c3561', '', '2010-2011', 'A', 'Active'),
(756, 2010331067, 'Afjal Hossain', '84d8faa9', '', '2010-2011', 'A', 'Active'),
(757, 2010331068, 'Kamrunnahar Swarna', '103741d3', '', '2010-2011', 'A', 'Active'),
(758, 2010331069, 'M. A. Alim Mukul', '4c53d34e', '10', '2010-2011', 'A', 'Active'),
(759, 2010331070, 'Anitam Das Nirjhar', '06d247f8', '', '2010-2011', 'A', 'Active'),
(760, 2010331071, 'Imran Hossain Showrov', 'a2814b56', '', '2010-2011', 'A', 'Active'),
(761, 2010331072, 'Sagar Gautam', '0ea1ff8f', '', '2010-2011', 'A', 'Active'),
(770, 2011331004, 'Sakhawat Hossain Saimon', 'a810db91', '', '2011-2012', 'A', 'Active'),
(769, 2011331003, 'Md. Ahsan Kabir', '1cbb407c', '', '2011-2012', 'A', 'Active'),
(768, 2011331002, 'Pranon Rahman Khan', '750b18a3', '', '2011-2012', 'A', 'Active'),
(771, 2011331005, 'Shuvanon Razik', '8f8d42a8', '', '2011-2012', 'A', 'Active'),
(772, 2011331006, 'Mohammad Fahim Rahman', 'e04b49f6', '', '2011-2012', 'A', 'Active'),
(773, 2011331007, 'Md. Assaduzzaman', 'aa55b44d', '', '2011-2012', 'A', 'Active'),
(774, 2011331008, 'Md. Hasin Ibtida Alam', 'b26aedf1', '', '2011-2012', 'A', 'Active'),
(775, 2011331009, 'Biswajit Debnath', '233caee0', '', '2011-2012', 'A', 'Active'),
(776, 2011331012, 'Shibbir Ahmad Osmani', 'c9ebce3d', '', '2011-2012', 'A', 'Active'),
(777, 2011331013, 'Md. Tariq Hasan', 'c095371c', '', '2011-2012', 'A', 'Active'),
(778, 2011331015, 'Tanzira Najnin', '0fc1c752', '', '2011-2012', 'A', 'Active'),
(779, 2011331016, 'Kazi Ehsan Aziz', '940e74a0', '', '2011-2012', 'A', 'Active'),
(780, 2011331017, 'Sakibul Mowla', '39094c2d', '', '2011-2012', 'A', 'Active'),
(781, 2011331018, 'Mohammad Ashfaq- Ur- Rahman', '7d51a1f0', '', '2011-2012', 'A', 'Active'),
(782, 2011331019, 'Sumaiya Fahmida Chowdhury', '50438371', '', '2011-2012', 'A', 'Active'),
(783, 2011331021, 'Rashidul Hasan', '42fed88d', '', '2011-2012', 'A', 'Active'),
(784, 2011331022, 'Sadman Abedin', 'e345a0c6', '', '2011-2012', 'A', 'Active'),
(785, 2011331024, 'Siddartha Mallick', '24630d51', '', '2011-2012', 'A', 'Active'),
(786, 2011331025, 'Mohammad Nur Uddin', 'f457d4f8', '', '2011-2012', 'A', 'Active'),
(787, 2011331026, 'Mozammel Hossain', '18e47269', '', '2011-2012', 'A', 'Active'),
(788, 2011331027, 'Md. Asrafuzzaman Mollah', '6bb8b5e2', '', '2011-2012', 'A', 'Active'),
(789, 2011331029, 'Khandoker Raqibul Hasan', '3bc4bd3c', '', '2011-2012', 'A', 'Active'),
(790, 2011331030, 'Md. Arifur Rahman', '73d24769', '', '2011-2012', 'A', 'Active'),
(791, 2011331031, 'Subrata Nath', 'cfc43e5a', '', '2011-2012', 'A', 'Active'),
(792, 2011331032, 'Fatema Tabassum Liza', 'e1a0bf0b', '', '2011-2012', 'A', 'Active'),
(793, 2011331033, 'Sunny Chowdhury', '47c481ac', '', '2011-2012', 'A', 'Active'),
(794, 2011331034, 'Md. Rumman Mahmud', '9417d5ef', '', '2011-2012', 'A', 'Active'),
(795, 2011331035, 'Arafat Bin Hossain', '8910e637', '', '2011-2012', 'A', 'Active'),
(796, 2011331036, 'Fazla Elahi Md. Jubayer', '5afa2e29', '', '2011-2012', 'A', 'Active'),
(797, 2011331037, 'Md. Nayeem Iqubal', 'ecd9655d', '', '2011-2012', 'A', 'Active'),
(798, 2011331039, 'Md. Najmuz Sakib', '7a034d7f', '', '2011-2012', 'A', 'Active'),
(799, 2011331040, 'Rafi Islam Arnob', 'd49a58f0', '', '2011-2012', 'A', 'Active'),
(800, 2011331041, 'Md. Sulayman', '7d2fb22a', '', '2011-2012', 'A', 'Active'),
(801, 2011331042, 'Anik Chowdhury', 'd3ecf473', '', '2011-2012', 'A', 'Active'),
(802, 2011331043, 'Sourav Ganguly', 'a96cbc75', '', '2011-2012', 'A', 'Active'),
(803, 2011331044, 'Md. Mohaiminul Islam Bhuiyan', 'ab6b8e2e', '', '2011-2012', 'A', 'Active'),
(804, 2011331045, 'Md. Taizul Islam', '8545686f', '', '2011-2012', 'A', 'Active'),
(805, 2011331046, 'Mezanul Hoque Chy', '0bba2d03', '', '2011-2012', 'A', 'Active'),
(806, 2011331047, 'Faisal Ahmed', '45271773', '', '2011-2012', 'A', 'Active'),
(807, 2011331048, 'Md. Sajid Shahriar', '6ccfdb14', '', '2011-2012', 'A', 'Active'),
(808, 2011331049, 'Tahsin Rahman', '8117ec1c', '', '2011-2012', 'A', 'Active'),
(809, 2011331050, 'Naeem Bin Nasir', 'c441f8ce', '', '2011-2012', 'A', 'Active'),
(810, 2011331051, 'Enamul Hassan', '53d05926', '', '2011-2012', 'A', 'Active'),
(811, 2011331052, 'Mohammad Saddam Hossain', '2d5542ac', '', '2011-2012', 'A', 'Active'),
(812, 2011331054, 'Sultana Razia', 'c0dbe986', '', '2011-2012', 'A', 'Active'),
(813, 2011331055, 'Md. Al- Amin', 'acd69463', '', '2011-2012', 'A', 'Active'),
(814, 2011331057, 'Arup Sarker', '67b3413d', '', '2011-2012', 'A', 'Active'),
(815, 2011331058, 'Md. Mansur Uddin Khan', '91d62f2d', '', '2011-2012', 'A', 'Active'),
(816, 2011331059, 'Shapan Das Uzzal', '568f8b77', '', '2011-2012', 'A', 'Active'),
(817, 2011331060, 'Md. Nurul Wahed', '026a5c9f', '', '2011-2012', 'A', 'Active'),
(818, 2011331063, 'Md. Khairullah Gaurab', '380c02dd', '', '2011-2012', 'A', 'Active'),
(819, 2011331064, 'Ashzabin Wadud', 'f6f3d66b', '', '2011-2012', 'A', 'Active'),
(820, 2011331065, 'Tanvir Mahbub', 'a8414d24', '', '2011-2012', 'A', 'Active'),
(821, 2011331067, 'Kazi Shamsil Arefine', 'fb84f7fc', '', '2011-2012', 'A', 'Active'),
(822, 2011331068, 'Sushen Chandra Das', '4bbd96d6', '', '2011-2012', 'A', 'Active'),
(823, 2011331069, 'Nourin Ahmed', '35c12b24', '', '2011-2012', 'A', 'Active'),
(824, 2011331070, 'Arnab Goswami', 'c72a55fe', '', '2011-2012', 'A', 'Active'),
(825, 2011331071, 'Md. Mamun Hossain', '85ae80cf', '', '2011-2012', 'A', 'Active'),
(826, 2011331072, 'Evan Hossain', '2e92233c', '', '2011-2012', 'A', 'Active'),
(827, 2011331073, 'Syed Ikhtiar Ahmed', '76c5ff98', '', '2011-2012', 'A', 'Active'),
(828, 2011331074, 'Abdullah Al-Mosabbir', '8e63a99f', '', '2011-2012', 'A', 'Active'),
(829, 2011331075, 'Pranab Singha', '33a70269', '', '2011-2012', 'A', 'Active'),
(830, 2012331002, 'MD. TOUHIDUL ISLAM', '868c8e71', '', '2012-2013', 'A', 'Active'),
(831, 2012331005, 'FARZAD BIN FAZLE', '57a24dcd', '', '2012-2013', 'A', 'Active'),
(832, 2012331007, 'MD. TANVEER ISLAM', 'c9889364', '', '2012-2013', 'A', 'Active'),
(833, 2012331008, 'MD. ABU TALHA', 'f7d7c9a0', '', '2012-2013', 'A', 'Active'),
(834, 2012331009, 'SIKDER MOHAMMAD SHAKHAWAT AMIN', '3e0dc9a2', '', '2012-2013', 'A', 'Active'),
(835, 2012331012, 'SHARMISHTHA DUTTA', '254506ac', '', '2012-2013', 'A', 'Active'),
(836, 2012331013, 'BISHWAJIT PURKAYSTHA', '0e733d01', '', '2012-2013', 'A', 'Active'),
(837, 2012331014, 'SUMMIT HAQUE', 'e28f0605', '', '2012-2013', 'A', 'Active'),
(838, 2012331015, 'MOQSADUR RAHMAN', 'ff016fe5', '', '2012-2013', 'A', 'Active'),
(839, 2012331016, 'TANVIR AHAMED NAYEEM', '4ea52d4e', '', '2012-2013', 'A', 'Active'),
(840, 2012331017, 'M. TAHMID HOSSAIN', 'f3680130', '', '2012-2013', 'A', 'Active'),
(841, 2012331018, 'MOHAMMAD SHADMAN HASHEM', '935e24ec', '', '2012-2013', 'A', 'Active'),
(842, 2012331019, 'SUDIPTA CHANDRA DAS DIPU', '731ecb31', '', '2012-2013', 'A', 'Active'),
(843, 2012331020, 'RAIHAN AHMED', 'a3aaa876', '', '2012-2013', 'A', 'Active'),
(844, 2012331021, 'MD. SHAHED MAMUN', '977a57f1', '', '2012-2013', 'A', 'Active'),
(845, 2012331022, 'MD. RASEL PARVEJ', 'd86ffc5a', '', '2012-2013', 'A', 'Active'),
(846, 2012331023, 'Mehedi Al Hasan', 'b414506d', '', '2012-2013', 'A', 'Active'),
(847, 2012331024, 'NUSRAT MUBIN ARA', 'da642f28', '', '2012-2013', 'A', 'Active'),
(848, 2012331025, 'MD. SHARIF SIDDIQUE', '7ab1f23d', '', '2012-2013', 'A', 'Active'),
(849, 2012331027, 'MD. KAZI NAYEEM', '6a95960f', '', '2012-2013', 'A', 'Active'),
(850, 2012331028, 'MASIUR RAHMAN SIDDIKI', '33354bf4', '', '2012-2013', 'A', 'Active'),
(851, 2012331029, 'MD. HABIBUR RAHMAN', '97cc5b1c', '', '2012-2013', 'A', 'Active'),
(852, 2012331030, 'SYED MEHEDI HASAN NIROB', '101d0d34', '', '2012-2013', 'A', 'Active'),
(853, 2012331031, 'SABIK SAFKAT', '30229b43', '', '2012-2013', 'A', 'Active'),
(854, 2012331033, 'JAHID HASAN POLASH', 'b27d25a5', '', '2012-2013', 'A', 'Active'),
(855, 2012331034, 'NOYMUL ISLAM CHOWDHURY', '611d6216', '', '2012-2013', 'A', 'Active'),
(856, 2012331035, 'SHAMIM EHSAN', 'ffdeac4e', '', '2012-2013', 'A', 'Active'),
(857, 2012331036, 'TAMANNA AKTER', 'bb9daced', '', '2012-2013', 'A', 'Active'),
(858, 2012331039, 'OBYDUL ISLAM KHAN', '5e80071d', '', '2012-2013', 'A', 'Active'),
(859, 2012331041, 'MUHAIMEEN AHMED CHOWDHURY', '6158ed1d', '', '2012-2013', 'A', 'Active'),
(860, 2012331042, 'MEHNAZ TABASSUM', '674928a5', '', '2012-2013', 'A', 'Active'),
(861, 2012331043, 'RANIT DEBNATH AKASH', '9ff7b192', '', '2012-2013', 'A', 'Active'),
(862, 2012331044, 'TASMIA HOSSAIN ANANYA', 'ae1b7910', '', '2012-2013', 'A', 'Active'),
(863, 2012331045, 'TANJILA MAWLA', 'd927ec2a', '', '2012-2013', 'A', 'Active'),
(864, 2012331046, 'MD. MAHMODON NOBI KAKON', 'd8d99cd5', '', '2012-2013', 'A', 'Active'),
(865, 2012331047, 'SOURAV BHOWMIK.', 'e9bcc9ae', '', '2012-2013', 'A', 'Active'),
(866, 2012331048, 'MITHUN DAS', 'f18ddff7', '', '2012-2013', 'A', 'Active'),
(867, 2012331049, 'MD. MOSHIUR RAHMAN', 'f25c15a0', '', '2012-2013', 'A', 'Active'),
(868, 2012331050, 'MD. WALLY UDDIN', '8c964541', '', '2012-2013', 'A', 'Active'),
(869, 2012331051, 'QUAZI ISHTIAQUE MAHMUD', '5b16eb29', '', '2012-2013', 'A', 'Active'),
(870, 2012331052, 'MD. NOWSHAD HASAN', '4c18183e', '', '2012-2013', 'A', 'Active'),
(871, 2012331054, 'ASIF MOHAIMEN', '0662dbab', '', '2012-2013', 'A', 'Active'),
(872, 2012331055, 'MD.ABDULLAH AL-AWAL', '230fc87c', '', '2012-2013', 'A', 'Active'),
(873, 2012331056, 'TAPOS DATTA', '62392c7f', '', '2012-2013', 'A', 'Active'),
(874, 2012331057, 'SUN IBNE SAZZAD', '8a18ff91', '', '2012-2013', 'A', 'Active'),
(875, 2012331058, 'MD. MUSTAFIJUR RAHMAN NEBIR', 'ec6c7862', '', '2012-2013', 'A', 'Active'),
(876, 2012331059, 'MD. AL-AMIN NOWSHAD', '805ab4da', '', '2012-2013', 'A', 'Active'),
(877, 2012331060, 'SHIAM CHOWDHURY', '82e4e6f8', '', '2012-2013', 'A', 'Active'),
(878, 2012331061, 'NILOY MD. AZAM', '0db4bccc', '', '2012-2013', 'A', 'Active'),
(879, 2012331062, 'AYESHA SIDDIKA NIPU', '23f1e183', '', '2012-2013', 'A', 'Active'),
(880, 2012331063, 'URMEE PAL', 'ee77bbcf', '', '2012-2013', 'A', 'Active'),
(881, 2012331064, 'U KHYOI NU', '2d3fa12b', '', '2012-2013', 'A', 'Active'),
(882, 2012331065, 'DHANANJOY BISWAS', '9245caa3', '', '2012-2013', 'A', 'Active'),
(883, 2012331066, 'MD. ASHRAFUL ALAM SUJAN', '6e704fdb', '', '2012-2013', 'A', 'Active'),
(884, 2012331067, 'MD. JILLUR RAHMAN SAURAV', '3ccaeaac', '', '2012-2013', 'A', 'Active'),
(885, 2012331068, 'MD. SADDAM HOSSAIN', '9c16a805', '', '2012-2013', 'A', 'Active'),
(886, 2012331069, 'DIPALOKE SAHA', '22aa5060', '', '2012-2013', 'A', 'Active'),
(887, 2012331070, 'DHRUBA CHAKRABORTY', '80c0c392', '', '2012-2013', 'A', 'Active'),
(888, 2012331071, 'NISHIKANTO SARKAR', '1baf2021', '', '2012-2013', 'A', 'Active'),
(889, 2012331072, 'SADIA TASNIM SWARNA', 'b2ff34a2', '', '2012-2013', 'A', 'Active'),
(890, 2012331073, 'MD. ABU HANIFE NAYEM', 'b38e4dc6', '', '2012-2013', 'A', 'Active'),
(891, 2012331074, 'SADI MD. TARMIM HOQUE', '4d558c5d', '', '2012-2013', 'A', 'Active');

-- --------------------------------------------------------

--
-- Table structure for table `theme`
--

CREATE TABLE IF NOT EXISTS `theme` (
  `id` int(11) NOT NULL AUTO_INCREMENT,
  `url` varchar(255) NOT NULL DEFAULT '',
  `title` varchar(255) NOT NULL DEFAULT '',
  `thumb_path` varchar(255) NOT NULL DEFAULT '',
  `is_default` enum('No','Yes') NOT NULL DEFAULT 'No',
  PRIMARY KEY (`id`)
) ENGINE=MyISAM  DEFAULT CHARSET=latin1 AUTO_INCREMENT=5 ;

--
-- Dumping data for table `theme`
--

INSERT INTO `theme` (`id`, `url`, `title`, `thumb_path`, `is_default`) VALUES
(1, 'voting_page1.php', 'Flash Book Theme', '/images/theme/flash_book.jpg', 'No'),
(2, 'voting_page2.php', 'PHP Theme', '/images/theme/php_theme.jpg', 'Yes');

-- --------------------------------------------------------

--
-- Table structure for table `user`
--

CREATE TABLE IF NOT EXISTS `user` (
  `id` int(11) NOT NULL AUTO_INCREMENT,
  `username` varchar(255) NOT NULL,
  `name` varchar(255) NOT NULL,
  `email` varchar(255) NOT NULL,
  `status` enum('Active','Inactive') NOT NULL,
  `created` datetime NOT NULL,
  `modifed` datetime NOT NULL,
  PRIMARY KEY (`id`)
) ENGINE=MyISAM  DEFAULT CHARSET=latin1 AUTO_INCREMENT=2 ;

--
-- Dumping data for table `user`
--

INSERT INTO `user` (`id`, `username`, `name`, `email`, `status`, `created`, `modifed`) VALUES
(1, 'test', 'test', 'test@test.com', 'Active', '2011-01-22 17:14:52', '0000-00-00 00:00:00');

-- --------------------------------------------------------

--
-- Table structure for table `vote_count`
--

CREATE TABLE IF NOT EXISTS `vote_count` (
  `id` int(11) NOT NULL AUTO_INCREMENT,
  `student_id` int(11) NOT NULL DEFAULT '0',
  `candidate_id` int(11) NOT NULL DEFAULT '0',
  `election_id` int(11) NOT NULL DEFAULT '0',
  `count_time` datetime NOT NULL DEFAULT '0000-00-00 00:00:00',
  PRIMARY KEY (`id`)
) ENGINE=MyISAM  DEFAULT CHARSET=latin1 AUTO_INCREMENT=183 ;

--
-- Dumping data for table `vote_count`
--

INSERT INTO `vote_count` (`id`, `student_id`, `candidate_id`, `election_id`, `count_time`) VALUES
(1, 698, 0, 3, '2014-03-20 12:10:39'),
(2, 758, 4, 2, '2014-03-20 12:18:13'),
(3, 758, 6, 2, '2014-03-20 12:18:13'),
(4, 746, 3, 2, '2014-03-20 12:25:40'),
(5, 746, 6, 2, '2014-03-20 12:25:40'),
(6, 760, 7, 4, '2014-03-21 05:58:40'),
(7, 891, 0, 5, '2014-03-24 04:27:20'),
(8, 830, 9, 5, '2014-03-24 05:41:21'),
(9, 831, 9, 5, '2014-03-24 07:34:22'),
(10, 832, 10, 5, '2014-03-25 03:40:27'),
(11, 742, 10, 6, '2014-03-25 04:17:22'),
(12, 799, 9, 6, '2014-03-25 04:18:36'),
(13, 746, 9, 6, '2014-03-25 04:20:05'),
(14, 856, 9, 6, '2014-03-25 04:35:56'),
(15, 863, 14, 6, '2014-03-25 04:36:51'),
(16, 709, 13, 6, '2014-03-25 04:44:07'),
(17, 838, 14, 6, '2014-03-25 04:47:22'),
(18, 872, 14, 6, '2014-03-25 04:47:24'),
(19, 797, 13, 6, '2014-03-25 04:50:14'),
(20, 888, 14, 6, '2014-03-25 04:52:05'),
(21, 836, 14, 6, '2014-03-25 04:52:13'),
(22, 844, 14, 6, '2014-03-25 04:54:07'),
(23, 814, 13, 6, '2014-03-25 04:54:11'),
(24, 883, 14, 6, '2014-03-25 04:55:47'),
(25, 777, 14, 6, '2014-03-25 04:56:11'),
(26, 802, 14, 6, '2014-03-25 04:57:47'),
(27, 885, 14, 6, '2014-03-25 04:58:08'),
(28, 796, 14, 6, '2014-03-25 05:02:22'),
(29, 827, 14, 6, '2014-03-25 05:02:58'),
(30, 831, 14, 6, '2014-03-25 05:04:39'),
(31, 840, 14, 6, '2014-03-25 05:04:55'),
(32, 785, 13, 6, '2014-03-25 05:07:35'),
(33, 870, 14, 6, '2014-03-25 05:10:51'),
(34, 878, 13, 6, '2014-03-25 05:12:08'),
(35, 854, 14, 6, '2014-03-25 05:13:54'),
(36, 839, 14, 6, '2014-03-25 05:14:04'),
(37, 879, 14, 6, '2014-03-25 05:15:38'),
(38, 835, 14, 6, '2014-03-25 05:15:54'),
(39, 889, 14, 6, '2014-03-25 05:16:55'),
(40, 832, 13, 6, '2014-03-25 05:18:11'),
(41, 866, 14, 6, '2014-03-25 05:18:39'),
(42, 880, 14, 6, '2014-03-25 05:21:19'),
(43, 847, 14, 6, '2014-03-25 05:21:43'),
(44, 881, 14, 6, '2014-03-25 05:22:27'),
(45, 855, 14, 6, '2014-03-25 05:24:10'),
(46, 852, 14, 6, '2014-03-25 05:24:38'),
(47, 871, 14, 6, '2014-03-25 05:26:00'),
(48, 774, 14, 6, '2014-03-25 05:26:58'),
(49, 830, 14, 6, '2014-03-25 05:30:00'),
(50, 849, 14, 6, '2014-03-25 05:30:32'),
(51, 869, 14, 6, '2014-03-25 05:32:05'),
(52, 833, 14, 6, '2014-03-25 05:32:13'),
(53, 845, 14, 6, '2014-03-25 05:34:31'),
(54, 850, 14, 6, '2014-03-25 05:34:52'),
(55, 861, 14, 6, '2014-03-25 05:37:06'),
(56, 874, 14, 6, '2014-03-25 05:38:57'),
(57, 859, 14, 6, '2014-03-25 05:40:00'),
(58, 877, 14, 6, '2014-03-25 05:40:32'),
(59, 848, 14, 6, '2014-03-25 05:41:24'),
(60, 707, 13, 6, '2014-03-25 05:42:14'),
(61, 800, 13, 6, '2014-03-25 05:42:41'),
(62, 887, 13, 6, '2014-03-25 05:43:50'),
(63, 776, 13, 6, '2014-03-25 05:44:52'),
(64, 853, 14, 6, '2014-03-25 05:45:33'),
(65, 867, 14, 6, '2014-03-25 05:46:25'),
(66, 717, 14, 6, '2014-03-25 05:47:41'),
(67, 837, 14, 6, '2014-03-25 05:50:07'),
(68, 834, 14, 6, '2014-03-25 05:52:36'),
(69, 864, 14, 6, '2014-03-25 05:52:51'),
(70, 851, 14, 6, '2014-03-25 05:54:04'),
(71, 807, 14, 6, '2014-03-25 05:56:12'),
(72, 865, 13, 6, '2014-03-25 05:59:19'),
(73, 745, 14, 6, '2014-03-25 06:05:59'),
(74, 743, 14, 6, '2014-03-25 06:06:20'),
(75, 819, 13, 6, '2014-03-25 06:08:17'),
(76, 846, 14, 6, '2014-03-25 06:10:15'),
(77, 876, 14, 6, '2014-03-25 06:10:19'),
(78, 858, 14, 6, '2014-03-25 06:11:57'),
(79, 886, 14, 6, '2014-03-25 06:12:41'),
(80, 779, 13, 6, '2014-03-25 06:14:03'),
(81, 817, 13, 6, '2014-03-25 06:19:13'),
(82, 818, 14, 6, '2014-03-25 06:21:29'),
(83, 815, 14, 6, '2014-03-25 06:24:25'),
(84, 810, 14, 6, '2014-03-25 06:24:33'),
(85, 891, 13, 6, '2014-03-25 06:25:51'),
(86, 713, 14, 6, '2014-03-25 06:27:06'),
(87, 780, 14, 6, '2014-03-25 06:27:47'),
(88, 794, 14, 6, '2014-03-25 06:28:59'),
(89, 842, 14, 6, '2014-03-25 06:29:49'),
(90, 884, 13, 6, '2014-03-25 06:29:53'),
(91, 798, 14, 6, '2014-03-25 06:32:17'),
(92, 792, 14, 6, '2014-03-25 06:32:25'),
(93, 781, 14, 6, '2014-03-25 06:33:23'),
(94, 757, 14, 6, '2014-03-25 06:36:31'),
(95, 737, 14, 6, '2014-03-25 06:37:11'),
(96, 787, 14, 6, '2014-03-25 06:38:42'),
(97, 770, 13, 6, '2014-03-25 06:39:43'),
(98, 778, 13, 6, '2014-03-25 06:39:58'),
(99, 795, 13, 6, '2014-03-25 06:40:23'),
(100, 773, 13, 6, '2014-03-25 06:42:32'),
(101, 803, 13, 6, '2014-03-25 06:42:55'),
(102, 721, 14, 6, '2014-03-25 06:43:21'),
(103, 875, 14, 6, '2014-03-25 06:44:00'),
(104, 828, 13, 6, '2014-03-25 06:45:28'),
(105, 825, 14, 6, '2014-03-25 06:49:07'),
(106, 741, 14, 6, '2014-03-25 06:55:56'),
(107, 752, 13, 6, '2014-03-25 06:56:12'),
(108, 758, 13, 6, '2014-03-25 06:58:18'),
(109, 753, 14, 6, '2014-03-25 07:11:18'),
(110, 725, 14, 6, '2014-03-25 07:14:29'),
(111, 735, 14, 6, '2014-03-25 07:14:31'),
(112, 724, 14, 6, '2014-03-25 07:15:24'),
(113, 715, 14, 6, '2014-03-25 07:15:42'),
(114, 760, 14, 6, '2014-03-25 07:17:09'),
(115, 747, 14, 6, '2014-03-25 07:17:26'),
(116, 706, 13, 6, '2014-03-25 07:18:19'),
(117, 711, 13, 6, '2014-03-25 07:19:25'),
(118, 718, 13, 6, '2014-03-25 07:19:47'),
(119, 720, 13, 6, '2014-03-25 07:21:25'),
(120, 719, 14, 6, '2014-03-25 07:23:02'),
(121, 714, 14, 6, '2014-03-25 07:23:07'),
(122, 734, 13, 6, '2014-03-25 07:23:48'),
(123, 824, 13, 6, '2014-03-25 07:29:25'),
(124, 822, 13, 6, '2014-03-25 07:29:39'),
(125, 748, 14, 6, '2014-03-25 07:30:49'),
(126, 744, 14, 6, '2014-03-25 07:33:18'),
(127, 731, 14, 6, '2014-03-25 07:34:05'),
(128, 728, 14, 6, '2014-03-25 07:34:45'),
(129, 723, 14, 6, '2014-03-25 07:38:56'),
(130, 727, 14, 6, '2014-03-25 07:40:14'),
(131, 750, 14, 6, '2014-03-25 07:40:53'),
(132, 755, 14, 6, '2014-03-25 07:41:49'),
(133, 705, 14, 6, '2014-03-25 07:48:32'),
(134, 716, 14, 6, '2014-03-25 07:48:34'),
(135, 722, 0, 6, '2014-03-25 07:49:20'),
(136, 788, 13, 6, '2014-03-25 08:10:27'),
(137, 726, 14, 6, '2014-03-25 08:34:27'),
(138, 860, 13, 6, '2014-03-25 08:35:42'),
(139, 771, 13, 6, '2014-03-25 08:36:57'),
(140, 759, 14, 6, '2014-03-25 08:37:25'),
(141, 801, 13, 6, '2014-03-25 08:41:19'),
(142, 829, 13, 6, '2014-03-25 08:42:59'),
(143, 708, 14, 6, '2014-03-25 08:44:23'),
(144, 740, 13, 6, '2014-03-25 08:49:53'),
(145, 793, 13, 6, '2014-03-25 09:00:30'),
(146, 806, 14, 6, '2014-03-25 09:01:32'),
(147, 804, 13, 6, '2014-03-25 09:04:37'),
(148, 783, 14, 6, '2014-03-25 09:04:53'),
(149, 823, 14, 6, '2014-03-25 09:06:20'),
(150, 782, 13, 6, '2014-03-25 09:06:42'),
(151, 749, 14, 6, '2014-03-25 09:07:58'),
(152, 767, 14, 6, '2014-03-25 09:08:47'),
(153, 786, 14, 6, '2014-03-25 09:11:58'),
(154, 805, 14, 6, '2014-03-25 09:12:17'),
(155, 756, 14, 6, '2014-03-25 09:13:38'),
(156, 813, 13, 6, '2014-03-25 09:14:27'),
(157, 729, 14, 6, '2014-03-25 09:14:56'),
(158, 784, 14, 6, '2014-03-25 09:15:21'),
(159, 710, 14, 6, '2014-03-25 09:15:45'),
(160, 736, 14, 6, '2014-03-25 09:16:18'),
(161, 811, 14, 6, '2014-03-25 09:17:14'),
(162, 843, 14, 6, '2014-03-25 09:17:24'),
(163, 791, 13, 6, '2014-03-25 09:17:52'),
(164, 739, 14, 6, '2014-03-25 09:18:10'),
(165, 820, 13, 6, '2014-03-25 09:19:08'),
(166, 733, 13, 6, '2014-03-25 09:19:16'),
(167, 812, 14, 6, '2014-03-25 09:20:41'),
(168, 772, 14, 6, '2014-03-25 09:21:55'),
(169, 789, 13, 6, '2014-03-25 09:22:28'),
(170, 754, 14, 6, '2014-03-25 09:25:05'),
(171, 769, 14, 6, '2014-03-25 09:28:28'),
(172, 821, 14, 6, '2014-03-25 09:28:32'),
(173, 790, 13, 6, '2014-03-25 09:29:33'),
(174, 826, 14, 6, '2014-03-25 09:30:12'),
(175, 890, 14, 6, '2014-03-25 09:30:23'),
(176, 808, 14, 6, '2014-03-25 09:31:22'),
(177, 730, 13, 6, '2014-03-25 09:33:49'),
(178, 732, 14, 6, '2014-03-25 09:36:42'),
(179, 816, 13, 6, '2014-03-25 09:48:06'),
(180, 738, 14, 6, '2014-03-25 09:50:53'),
(181, 712, 14, 6, '2014-03-25 09:59:01'),
(182, 831, 16, 7, '2014-03-25 05:13:45');
